﻿ID,Name,Gender,Ever_Married,Age,Graduated,Family_Size,Profession
462809,Robert Gutierrez,Male,No,22,No,4,Healthcare
462643,Natalie Lloyd,Male,Yes,38,Yes,3,Engineer
466315,Marcus Lucas,Male,Yes,67,Yes,1,Engineer
461735,Jeffrey Cummings,Female,Yes,67,Yes,2,Lawyer
462669,Brandon Pitts,Female,Yes,40,Yes,6,Entertainment
461319,Bryan Taylor,Female,Yes,56,No,2,Artist
460156,Jamie Mills,Male,No,32,Yes,3,Healthcare
464347,Larry Johnson,Female,No,33,Yes,3,Healthcare
465015,Joseph Gomez,Male,Yes,61,Yes,3,Engineer
465176,Taylor Brown,Male,Yes,55,Yes,4,Artist
464041,James Hebert,Male,No,26,Yes,3,Engineer
464942,Miguel Landry,Male,No,19,No,4,Healthcare
461230,Matthew Wilson,Male,No,19,No,,Executive
459573,Elizabeth Mccoy,Male,Yes,70,No,1,Lawyer
460849,Dr. Ashley Fernandez,Female,Yes,58,No,1,Doctor
460563,Regina Morris,Female,No,41,No,2,Healthcare
466865,Mary Chambers,Female,No,32,No,5,Homemaker
461644,Maria Clark,Male,No,31,No,6,Healthcare
466772,Joseph Smith,Male,Yes,58,Yes,4,Entertainment
464291,James Gray,Female,Yes,79,Yes,1,Artist
466084,Patricia Pacheco,Female,Yes,49,Yes,1,Homemaker
459675,Ryan Williams,Female,No,18,No,4,Healthcare
465602,Brian King,Female,Yes,33,Yes,2,Artist
459168,Brian Patterson,Female,No,36,Yes,2,Artist
461021,Sara Wilson,Male,,58,No,3,Executive
465083,Joshua Burton,Female,Yes,56,No,3,Artist
467604,April Stewart,Female,No,31,No,8,Healthcare
459717,Benjamin Stewart,Female,Yes,49,Yes,3,Artist
465882,David Keller,Male,No,35,Yes,1,Artist
461996,Fernando Davis,Male,No,35,No,4,Artist
463331,Brandi Hensley,Male,Yes,45,Yes,3,Artist
462216,Cheryl Contreras,Female,Yes,42,No,2,Doctor
462454,Donna Smith,Female,No,19,No,3,Healthcare
467010,Logan Smith,Male,No,26,No,,Homemaker
459861,Chloe Little,Female,Yes,83,No,2,Lawyer
467917,Lisa Jackson,Female,No,27,Yes,4,Healthcare
465572,Bradley Kelly,Male,No,32,No,1,Doctor
460593,Alexandra West,Female,Yes,28,No,5,Healthcare
465891,Scott Bishop,Male,Yes,28,Yes,2,Artist
467442,Phillip Rios,Male,Yes,56,Yes,2,Artist
462044,Sabrina Whitaker,Female,No,47,Yes,1,Artist
465686,Ryan Moore,Male,No,22,No,2,Healthcare
464590,Raymond Lewis,Male,No,27,Yes,3,Artist
466006,Laura Bruce,Female,Yes,49,Yes,2,Artist
466152,Kathleen Bowman,Male,Yes,40,No,1,Engineer
463156,Edward Evans,Female,Yes,79,No,2,Lawyer
465729,Ronnie Stevens,Male,Yes,41,Yes,4,Artist
462384,Timothy Hawkins,Male,No,29,Yes,1,Healthcare
462442,Troy Allen,Male,No,19,No,4,Healthcare
464191,David Valencia,Male,No,45,Yes,1,Engineer
462078,David Wright,Male,Yes,61,No,2,Artist
467873,Mary Bright,Female,Yes,36,Yes,2,Artist
461270,Shannon Mckee,Female,Yes,40,Yes,1,Artist
462960,Sherry Sweeney,Male,Yes,57,Yes,2,Entertainment
464961,Thomas Hopkins,Female,Yes,76,No,1,Marketing
462110,Phillip Alexander,Female,Yes,32,Yes,2,Artist
465769,Victoria Wilson,Male,No,25,Yes,4,Healthcare
462267,Angela Clark,Female,No,32,,2,Doctor
465269,Erin Lopez,Male,Yes,45,Yes,3,Artist
460881,Cynthia Aguilar,Male,Yes,72,Yes,,Lawyer
461891,Felicia Shaw,Male,Yes,48,Yes,2,Artist
466935,Mrs. Yvonne Williams DDS,Female,Yes,55,Yes,2,Artist
464091,Spencer Ibarra,Male,Yes,74,Yes,3,Lawyer
464535,Crystal Davis,Female,Yes,56,Yes,2,Lawyer
463108,Amy Webb,Male,Yes,59,Yes,2,Lawyer
461356,Alex Martin,Female,No,25,Yes,2,Entertainment
464570,Austin Peterson,Male,Yes,31,Yes,2,Doctor
464580,Tina Kemp,Female,No,27,No,4,Artist
465233,Sarah Strickland,Male,Yes,57,Yes,4,Artist
467208,Ivan Long,Male,Yes,39,Yes,2,Homemaker
459954,Paul Reyes,Male,Yes,27,Yes,2,Healthcare
460219,Daniel Kelley,Female,Yes,51,Yes,2,Entertainment
460877,Brenda Strickland,Male,Yes,47,No,5,Artist
460191,Brianna Bradley,Female,No,33,No,4,Healthcare
463742,Thomas Davis,Female,Yes,56,Yes,4,Artist
463691,Jason Fowler,Female,No,33,No,3,Homemaker
463250,Amber Jackson,Female,No,36,Yes,2,Doctor
463952,Timothy Sims,Female,Yes,51,No,3,Artist
461558,Elizabeth Huynh,Male,Yes,45,Yes,2,Engineer
466567,Connie Lopez,Male,No,49,Yes,1,
465379,Lynn Marquez,Male,No,30,No,4,Healthcare
463814,Jessica Reynolds,Male,No,26,No,3,Healthcare
466938,Brittany Clayton,Male,Yes,63,Yes,1,Artist
460671,Faith Morris,Female,Yes,35,No,4,Entertainment
462204,Jose Cook,Male,No,19,No,3,Marketing
461671,Valerie Le,Female,No,32,No,5,Healthcare
459384,Matthew Mercado,Female,Yes,52,Yes,3,Artist
459905,Amber Gould,Female,Yes,36,Yes,2,Artist
464734,Nicole Johnson,Female,No,42,No,3,Entertainment
464125,Larry Kelley,Male,Yes,40,No,2,Doctor
467434,Benjamin Delacruz,Female,No,39,Yes,3,Entertainment
460956,Richard Collins,Female,Yes,47,Yes,4,Artist
465179,George Willis,Male,Yes,61,Yes,2,Artist
463338,Kathleen Shaw,Male,Yes,32,No,2,Entertainment
467066,Katelyn Collins,Female,Yes,55,No,1,Artist
463845,Steven Thomas,Female,Yes,58,Yes,1,Artist
459976,Alan Davis,Female,No,38,Yes,1,Artist
461334,Sheila Collins,Male,Yes,63,Yes,2,Artist
465108,Joseph Brown,Female,Yes,58,Yes,2,Doctor
462600,Eddie Saunders,Male,Yes,30,No,3,Engineer
464144,Edwin Cantrell,Male,Yes,60,Yes,4,Artist
466911,Joshua Barnett,Male,Yes,68,No,7,Executive
462806,Andrew Goodman,Female,Yes,52,No,3,Artist
463426,Jay Weber,Male,Yes,38,No,5,Executive
464065,Ethan Lyons,Female,Yes,35,Yes,2,Healthcare
462979,Wanda Davis,Female,No,18,No,2,Doctor
462834,Valerie Rivera,Male,Yes,30,Yes,2,Homemaker
460764,Elizabeth Brown,Male,No,86,No,1,Lawyer
466466,Joshua Romero,Female,,19,No,5,Healthcare
460185,David Bennett,Female,No,25,No,3,Healthcare
459749,Terri Stewart,Male,Yes,59,Yes,4,Entertainment
464406,Michael Perkins,Male,No,39,Yes,1,Artist
467758,Erin Robertson,Male,Yes,50,Yes,,Doctor
462059,Matthew Wolfe,Male,No,47,Yes,1,Artist
467905,Todd Huber,Male,Yes,43,Yes,3,Executive
461177,Erika Wilkinson,Male,Yes,36,No,4,Executive
460765,Brian Johnson,Female,Yes,80,No,1,Lawyer
465386,Mr. Carl Luna,Female,No,36,Yes,2,Artist
465827,John Pugh,Male,No,27,No,7,
462332,Christian Schwartz,Male,Yes,37,Yes,2,Artist
464481,Antonio Bass,Male,Yes,46,Yes,3,Executive
461011,Tanner Jones,Male,Yes,55,No,4,Executive
464749,Michelle Rogers,Male,Yes,47,No,4,Engineer
461094,Jaclyn Mathis,Female,No,28,Yes,3,Healthcare
462104,Evelyn Thompson,Female,Yes,39,No,2,Entertainment
464524,Daniel Delgado,Male,Yes,27,No,2,Marketing
466295,Tabitha Eaton,Male,Yes,42,No,,Engineer
461787,Penny Davies,Male,Yes,72,Yes,2,Artist
467857,Michael Larson,Male,Yes,28,Yes,2,Engineer
460153,John Martinez,Male,No,35,Yes,5,Entertainment
465215,Christina Newton,Female,Yes,39,Yes,5,Executive
466746,Emily Young,Female,Yes,69,Yes,2,Lawyer
464857,Brandon Duarte,Female,No,18,No,4,Healthcare
459478,Kristy Lewis,Male,Yes,46,Yes,1,Artist
460723,Amy Hinton,Male,Yes,50,Yes,2,Engineer
459853,Karen Cole,Female,No,30,No,5,Executive
459390,Jennifer Spears,Male,No,41,No,2,Artist
460410,John Harris,Male,No,39,Yes,4,Artist
463823,Michelle Krause,Female,No,29,No,4,Marketing
462008,Carol Gardner,Female,Yes,37,Yes,4,Artist
459750,Christine Gray,Male,Yes,39,Yes,2,Engineer
459880,Benjamin Thompson,Female,Yes,48,Yes,5,Artist
459261,Suzanne Scott,Female,No,32,Yes,3,Doctor
465656,Candice Garcia,Female,Yes,78,No,,Lawyer
465395,Eric Rich,Female,Yes,43,No,5,Engineer
461631,Kenneth Webb,Female,No,29,No,5,Marketing
464904,Kathleen Rodriguez,Female,Yes,28,No,2,Engineer
461740,Rachael Tate,Male,Yes,80,Yes,1,Lawyer
467092,Brooke Watson,Male,No,28,Yes,4,Healthcare
464173,Kevin Jenkins,Female,Yes,71,Yes,3,Artist
464972,Randy Smith,Male,Yes,67,No,9,Lawyer
467959,Kevin Chase,Female,No,26,No,1,Engineer
467688,Shawn Cain,Female,Yes,47,Yes,2,Engineer
460043,Vanessa Williams,Male,Yes,43,Yes,2,Artist
466590,Brenda Mccarty,Female,No,27,Yes,4,Healthcare
461191,Lawrence Scott,Male,Yes,45,Yes,4,Marketing
465662,Jonathan Miller,Male,Yes,76,No,1,Executive
459231,Cristian Jones,Female,Yes,43,Yes,4,Artist
466495,Dennis Crosby,Female,Yes,78,Yes,2,Lawyer
459192,Lisa Gonzalez,Female,Yes,35,Yes,3,Artist
465710,Alejandro Arnold,Male,No,49,Yes,1,Artist
460258,Lonnie Hart,Female,No,25,Yes,5,Healthcare
462813,Ashley Santana,Male,Yes,37,No,5,Executive
463595,Alexandra Johnson,Female,No,32,No,5,Healthcare
467768,John Gallagher,Female,Yes,60,Yes,2,Doctor
465291,Debbie Marshall,Female,Yes,45,Yes,3,Artist
462996,Linda Grimes,Male,Yes,49,Yes,3,Homemaker
463497,Brandon Nguyen,Female,No,32,Yes,5,Artist
465301,Dan Reeves,Male,Yes,40,Yes,3,Artist
464702,Andrea Deleon,Female,Yes,59,No,2,Artist
459012,James Vincent MD,Male,Yes,48,Yes,5,Artist
465053,Dawn Mclean,Male,Yes,82,Yes,2,Executive
459420,Amy Allen,Male,Yes,70,Yes,2,Lawyer
464166,Amber Jones,Female,No,31,Yes,2,Artist
458987,Dr. Tiffany Reyes,Female,Yes,72,Yes,2,Lawyer
467745,Rachel Henson,Female,Yes,50,Yes,4,Artist
464866,Sharon Williams,Male,No,23,No,1,Engineer
461081,Destiny Hood,Female,No,20,No,6,Healthcare
467896,Scott Mitchell,Male,No,22,No,3,Healthcare
463991,Timothy Ingram,Male,No,31,Yes,1,Engineer
466620,Dale Esparza Jr.,Female,Yes,36,Yes,2,Artist
462594,Deborah Stevens,Female,Yes,52,No,5,Entertainment
462206,Sheri Hicks,Female,No,29,Yes,1,Artist
460697,Sherry Johnson,Female,Yes,40,Yes,4,Artist
467934,Kimberly Castaneda,Female,No,40,Yes,1,Artist
460054,Mark Wilson,Male,Yes,38,Yes,2,Artist
459576,Roger Bennett,Male,Yes,85,No,,Lawyer
467910,Cynthia Lee,Male,No,21,No,3,Doctor
467335,Patricia Wade,Male,Yes,41,No,2,Engineer
460263,Steven Wallace,Female,Yes,40,Yes,2,Artist
459340,Richard Obrien,Male,Yes,53,Yes,3,Artist
465622,Ryan Evans,Male,Yes,42,Yes,2,Artist
459395,Vincent Koch,Male,Yes,42,No,2,Executive
467539,Randall Bender,Male,Yes,48,Yes,4,Artist
466574,Ms. Traci White,Female,Yes,59,Yes,2,Artist
466544,Nancy Campbell,Female,Yes,41,Yes,3,Executive
463610,George West,Male,Yes,31,Yes,2,Artist
465539,Brianna Williams,Male,Yes,49,Yes,5,Artist
459823,Lauren Alexander,Female,Yes,67,Yes,2,Executive
467614,Grant Ayers,Female,Yes,35,No,2,Artist
459073,Annette Mitchell,Male,No,26,Yes,3,Healthcare
466065,Joseph Braun,Male,,19,No,3,Healthcare
464863,Kenneth Williams,Female,Yes,25,No,8,Engineer
460022,David Delgado,Male,Yes,39,Yes,2,Healthcare
459929,Nicholas Wells,Male,Yes,63,Yes,2,Entertainment
466613,Henry Manning,Female,No,23,No,3,Healthcare
461149,Pamela Jones,Male,No,23,No,3,Healthcare
466068,Melissa Erickson,Female,Yes,53,Yes,1,Artist
461513,Dr. Ronald Hobbs,Female,No,33,Yes,2,Doctor
464761,Susan Marshall,Female,Yes,50,No,4,Engineer
466236,Joseph Thornton,Female,Yes,69,Yes,2,Engineer
459664,Carolyn Shea,Male,No,37,Yes,1,Artist
461967,Laura Allen,Male,No,20,No,4,Marketing
460516,Samuel Soto,Female,,85,No,1,Lawyer
461710,Lynn Barber,Male,Yes,49,Yes,4,Doctor
462742,Amber Fowler,Male,No,18,No,3,Healthcare
459528,Danielle Baker,Female,Yes,52,Yes,2,Doctor
462691,Jonathan Bates,Male,Yes,25,No,2,Doctor
462934,Kimberly Barrett,Male,Yes,56,No,2,Executive
465837,Scott Dunn,Male,No,62,Yes,1,
464613,Robin Cook,Male,No,35,,3,Artist
467515,Michelle Ramirez,Female,Yes,28,Yes,2,Engineer
463429,Kelly Dalton,Male,No,28,Yes,3,Artist
464024,Nicole Moore,Male,No,20,No,5,Healthcare
460691,Cynthia Hayes,Male,No,27,No,1,Homemaker
461825,Alexander Montgomery,Male,No,56,No,1,Engineer
467271,Jonathan Wright,Female,Yes,45,Yes,4,Artist
465634,Melissa Bryan,Male,No,25,Yes,4,Healthcare
464801,Caleb Wagner,Male,No,40,No,1,Marketing
459429,Robert Ryan,Male,Yes,25,Yes,2,Healthcare
459888,William Fernandez,Male,Yes,74,No,2,Lawyer
463467,Jeremy Walker,Male,No,23,No,4,Healthcare
462036,Elizabeth Chavez,Female,Yes,67,Yes,2,Lawyer
461282,Mason Warren,Female,No,21,No,4,Healthcare
460448,Dennis Harding,Female,No,38,Yes,1,Artist
464464,Melanie Scott,Female,No,28,No,4,Healthcare
462410,Jasmine Edwards,Female,No,32,No,5,Healthcare
467252,Kathleen Hester,Female,No,33,Yes,4,
459756,Brenda Allen MD,Male,Yes,56,No,4,Lawyer
463789,Marilyn Weiss,Male,Yes,53,Yes,2,Artist
466947,Laura Long,Female,Yes,57,No,5,Executive
464150,Diana Powell,Female,Yes,59,Yes,3,Artist
465693,Brenda Haynes,Male,Yes,25,Yes,4,Healthcare
461670,Chad Wall,Female,Yes,59,Yes,6,Artist
466768,Nathan Smith,Male,Yes,36,Yes,4,Artist
461550,Matthew Black,Male,Yes,37,Yes,2,Entertainment
462438,Stephanie Mcintyre,Female,No,22,No,3,Doctor
460704,Antonio Shepard,Male,Yes,43,Yes,2,Artist
464884,Gabriella Medina,Male,Yes,41,Yes,2,Artist
467050,Shelby Castillo,Male,No,21,No,5,Engineer
460738,Jennifer Miller,Female,No,49,No,,Engineer
466176,William Johnson,Male,No,38,Yes,1,Doctor
459488,Maria Baird,Male,Yes,47,No,4,Artist
467773,David Hickman,Male,Yes,70,Yes,3,Lawyer
465425,Donald Webb,Male,No,31,No,4,Engineer
462318,Cheyenne Ingram,Female,Yes,82,No,2,Lawyer
466078,Alicia Carter,Female,Yes,51,No,1,Executive
460792,Eric Carter,Male,No,42,No,,Homemaker
460197,Sheila White,Female,No,38,Yes,3,Artist
459375,Jillian Cruz,Male,Yes,18,No,4,Executive
463862,Casey Swanson,Female,Yes,50,Yes,3,Artist
460144,Kayla Walker,Male,No,46,Yes,,Doctor
462721,Valerie Carr,Female,Yes,72,No,3,Lawyer
459637,Jesse Smith,Male,No,33,No,4,Engineer
465809,Chelsea Hanna,Female,No,25,No,7,Homemaker
466915,Darrell Parker,Male,Yes,75,No,2,Entertainment
467343,Edward Wiggins,Male,No,72,Yes,1,Artist
466268,Vanessa Davis,Female,Yes,72,Yes,3,Artist
464868,Heidi Garcia,Male,Yes,36,Yes,6,Entertainment
464038,Hannah Ramos,Female,Yes,40,Yes,2,Artist
460176,Melissa Rivera,Female,No,28,Yes,4,Entertainment
462161,Paula Watson MD,Male,No,28,Yes,3,Doctor
464841,Jordan Lynch,Female,,19,No,3,Entertainment
464893,Sheryl Livingston,Female,Yes,43,Yes,2,Artist
464443,Alyssa Johnson,Male,Yes,35,Yes,2,Artist
467619,David Rivas,Male,Yes,65,Yes,2,Lawyer
465974,Daniel Smith,Male,Yes,52,Yes,4,Executive
462075,Michael Robinson,Female,No,40,Yes,1,Artist
459494,James Bond,Male,Yes,69,No,3,Engineer
466921,Brad Hanson,Male,No,22,No,3,Healthcare
463544,Cindy Stokes,Male,Yes,47,Yes,4,Executive
461167,Kyle Jones,Male,Yes,29,Yes,2,Marketing
467364,Shelly Williams,Female,Yes,46,Yes,3,Artist
462408,David Williams,Female,No,32,Yes,2,Artist
466224,Andrew Williams,Male,No,38,Yes,1,Healthcare
465151,Sonya Wilson,Male,Yes,59,Yes,1,Artist
467216,Michelle Hunter,Male,No,26,Yes,1,Entertainment
460586,Ricardo Jackson,Male,No,26,Yes,2,Healthcare
461197,Samantha Newman,Female,No,28,No,1,Marketing
462776,Mary Luna,Female,Yes,53,Yes,3,Engineer
465058,Brandy Beck,Male,No,43,,1,Entertainment
464088,Amanda Bryant,Female,No,27,No,3,Doctor
459471,Nicole Santiago,Female,No,32,No,8,Artist
464695,David Graves,Male,No,26,No,4,Engineer
462331,Eddie Evans,Female,No,31,No,2,Entertainment
466523,Thomas Wong,Female,Yes,39,Yes,3,Executive
465337,Louis Stone,Female,Yes,43,No,3,Engineer
460834,Susan Medina,Male,Yes,25,No,2,Doctor
466824,Steven Garrison,Female,Yes,40,Yes,3,Artist
461607,Michelle Bradshaw,Male,Yes,40,Yes,2,Entertainment
465091,Daniel Kidd,Female,Yes,63,Yes,3,Entertainment
459532,Timothy Davis,Female,Yes,27,Yes,2,Healthcare
466999,Jessica Downs,Male,No,27,Yes,3,Healthcare
466597,Madison Baker,Female,No,19,No,2,Healthcare
464075,Christina Patel,Female,Yes,86,Yes,2,Lawyer
463394,Michelle Moore,Male,Yes,41,Yes,2,Marketing
462163,Juan Mccann,Male,Yes,27,Yes,2,Artist
463895,Cory Stone,Male,Yes,70,No,2,Doctor
464767,Susan Mcgee,Male,Yes,53,No,4,Engineer
464763,Gina Kim,Female,Yes,49,No,4,Engineer
460718,Paul Nguyen,Male,Yes,55,No,,Executive
461989,Sonya Koch,Male,,57,Yes,4,Engineer
466374,Dennis Garcia,Male,Yes,83,No,1,Lawyer
463738,Tonya Davis,Female,Yes,43,No,4,Executive
465967,Candice Jones,Male,Yes,36,No,3,Doctor
462260,Thomas Mcconnell,Female,Yes,74,Yes,2,Lawyer
467234,Virginia Dunn,Female,No,30,No,4,Homemaker
466573,Adam Dominguez,Male,No,37,Yes,2,Artist
463229,Samantha Simpson,Male,No,22,No,1,Marketing
459768,Michael Gray,Female,No,19,No,4,Healthcare
462541,Jessica Scott,Female,Yes,70,Yes,2,Engineer
467714,Jeffrey Hunter,Male,Yes,89,Yes,1,Lawyer
467730,Tracy Patrick,Female,No,18,No,4,Healthcare
459474,Dawn Juarez,Male,No,25,Yes,1,Doctor
460093,Lee Burgess,Female,No,45,Yes,1,Artist
467865,Jason Farley,Male,No,35,Yes,1,Artist
465758,Lindsay Jimenez,Male,Yes,37,No,1,Engineer
464184,Crystal Young,Female,Yes,39,No,2,Engineer
462618,Seth Williams,Male,No,32,Yes,5,Healthcare
464226,Kyle Thomas,Male,Yes,62,Yes,3,Artist
465432,Mark Manning,Female,Yes,58,Yes,4,Engineer
464087,Manuel Morgan,Male,No,32,No,4,Engineer
466627,Nicholas Valdez,Male,No,25,No,5,Healthcare
467380,Heidi King,Male,Yes,56,Yes,4,Artist
465842,Richard Cannon,Female,No,36,Yes,2,Entertainment
464622,Nancy Whitaker DDS,Female,No,30,No,3,Healthcare
462083,Adam Bean,Female,No,19,No,5,Healthcare
460910,Kayla Humphrey,Female,No,27,Yes,2,Healthcare
460255,Ryan Gonzalez,Male,No,38,Yes,1,Doctor
460109,Matthew Jones,Female,Yes,46,Yes,2,Artist
464306,Robert Quinn,Female,No,29,Yes,1,Artist
466835,Spencer Suarez,Female,Yes,51,No,4,Entertainment
465192,Heather Mitchell,Male,Yes,55,No,1,Artist
463380,Kevin Cook,Male,Yes,69,Yes,1,Engineer
462391,Vanessa Jacobson,Female,No,26,No,8,Healthcare
467086,Thomas Stone,Male,Yes,83,Yes,3,Lawyer
460306,Brian Lewis,Female,No,39,Yes,1,Healthcare
460752,Donna Riley,Female,Yes,35,Yes,1,Artist
467264,Dana Hoffman,Female,Yes,19,No,5,Marketing
461646,Michael Patterson,Female,Yes,60,Yes,4,Artist
463570,Lori Mills,Male,Yes,35,Yes,4,Artist
465277,Jonathon Burns,Female,No,53,Yes,1,Engineer
467426,Glenda Norton,Male,Yes,86,No,,Lawyer
466258,David Watson,Male,No,29,No,3,Healthcare
463719,Martha Morris,Male,No,26,No,1,Doctor
460032,Andrew Ward,Female,No,36,Yes,1,Engineer
465175,William Welch,Male,No,22,No,4,Homemaker
466610,Ronnie Garcia,Male,No,19,No,5,Marketing
459036,Travis Flores,Male,Yes,20,Yes,3,Lawyer
464047,Justin Farrell,Female,No,43,Yes,3,Healthcare
459496,Kathy Richardson,Female,No,42,Yes,3,Artist
459997,Rebecca Gomez,Female,No,43,Yes,2,Entertainment
463382,Jason Edwards,Female,Yes,50,Yes,3,Engineer
460967,Alan Robles,Male,No,25,Yes,2,Entertainment
465094,Ashley Reese,Male,Yes,61,No,2,Artist
461229,Henry Gonzalez,Male,Yes,28,Yes,2,Healthcare
466442,Cheryl Williams,Male,No,38,Yes,1,Artist
464527,Michael Adams,Female,No,25,No,3,Executive
463560,Matthew Miles,Male,No,18,No,5,Healthcare
460011,Bobby Stewart,Male,Yes,43,Yes,5,Entertainment
467207,Joseph Vasquez,Male,No,27,Yes,1,Artist
465177,Mary Smith,Male,No,60,Yes,2,Entertainment
467531,Tiffany Jordan,Female,Yes,75,Yes,1,Lawyer
465409,Tim Williams,Male,No,31,No,4,Doctor
462842,April Yang,Male,No,23,No,4,Doctor
462124,Garrett Carpenter,Male,No,36,Yes,1,Artist
466265,Christian Hess,Female,No,30,No,1,Doctor
459789,Emily Bell,Male,Yes,56,No,2,Artist
464223,Amanda Chen,Male,Yes,52,Yes,2,Artist
460280,Jesse Mason,Male,Yes,39,Yes,1,Entertainment
460331,Jessica Bennett,Female,No,35,No,1,Artist
461494,Amy Valencia MD,Female,Yes,33,No,2,Engineer
460035,Beth Green,Male,No,25,Yes,6,Artist
463812,Lonnie Aguilar,Female,Yes,27,Yes,2,Artist
465569,Eric Vance,Female,Yes,35,Yes,3,Artist
466333,Isabella Esparza,Female,Yes,41,Yes,2,Artist
467668,James Flores,Female,Yes,49,Yes,3,Artist
462723,Dale Wright,Male,Yes,46,No,2,Artist
460909,Jean Lynch,Female,No,31,No,2,Healthcare
467777,Lisa Williamson,Female,No,49,Yes,1,Doctor
462404,Maria Dixon,Male,No,26,Yes,1,Artist
461799,Melissa West,Male,Yes,43,Yes,2,Doctor
459933,Thomas Taylor,Male,Yes,30,Yes,4,Artist
463717,Anna Hanson,Male,Yes,70,Yes,4,Artist
463652,Steven Dawson,Male,No,28,Yes,1,Artist
462149,William Miller,Male,Yes,89,No,1,Lawyer
462769,Gary Lynch MD,Male,Yes,42,No,4,Homemaker
465532,William Lynch,Female,Yes,37,Yes,3,Entertainment
462829,Kathleen Strickland,Male,Yes,29,No,3,Executive
459210,Norma Morse,Female,Yes,68,Yes,2,Artist
464659,Rebecca Henson,Female,No,25,No,1,Engineer
461411,Melinda Roman,Female,No,29,No,,Healthcare
467759,Willie Reed,Male,Yes,48,Yes,2,Doctor
461475,Adam Williams,Female,Yes,51,Yes,3,Doctor
462714,Tara Taylor,Male,Yes,40,Yes,5,Engineer
466890,Rick White,Male,Yes,47,Yes,6,Artist
462888,Jacob Kennedy,Male,Yes,39,Yes,3,Executive
467479,Suzanne Lopez,Male,Yes,35,Yes,4,Executive
466799,Teresa Salas,Male,No,19,No,3,Healthcare
466557,Alexandra Stokes,Female,No,21,No,,Healthcare
460873,Gary Hernandez,Female,Yes,46,Yes,3,Entertainment
466776,Jeffrey Adams,Female,Yes,86,Yes,1,Lawyer
459462,Wendy Wells,Male,Yes,66,Yes,2,Artist
465727,Joshua Esparza,Male,No,42,No,5,Marketing
462348,Catherine Oliver,Male,Yes,73,Yes,2,Lawyer
460941,Brent Johnston,Female,Yes,72,No,1,Engineer
461629,Matthew Schaefer,Female,Yes,53,Yes,3,Artist
459907,Alexander Potter,Male,Yes,39,Yes,2,Artist
467146,Marcus Cabrera,Male,No,27,No,1,Homemaker
460916,Victoria Watson,Female,Yes,63,No,,Entertainment
459196,Monique Sampson,Female,No,23,No,3,Healthcare
465444,Karen Mercer,Male,No,30,Yes,4,Entertainment
464186,Ashley Hart,Female,Yes,39,Yes,2,Artist
466412,Kevin Salas,Female,Yes,26,Yes,3,Artist
459480,Kevin Ramos,Female,Yes,50,Yes,3,Entertainment
467880,Maria Lewis,Female,Yes,45,Yes,2,Artist
460216,Nancy Lester,Male,No,62,No,1,Entertainment
467941,Kelsey Jones,Male,No,27,Yes,3,Doctor
466090,Tammy Rhodes,Male,Yes,57,Yes,,Entertainment
462572,Kathleen Williams,Male,Yes,30,No,7,Engineer
467443,Sara Webster,Male,No,32,No,4,Healthcare
462548,Mr. Brian Hicks PhD,Female,No,18,,5,Executive
459701,Thomas Phillips,Male,No,47,No,3,Artist
461139,Roy Livingston,Male,No,32,Yes,4,Artist
461115,Rhonda Montgomery,Male,Yes,32,No,3,Engineer
459027,Ronald Smith,Female,Yes,67,Yes,4,Doctor
467340,John Simon,Male,Yes,77,Yes,2,Lawyer
461410,Kenneth Perry,Female,Yes,79,No,2,
460857,Cody Black,Female,No,31,No,1,Entertainment
464300,Christy Johnson,Female,Yes,42,Yes,3,Artist
460532,Joel Hayes,Male,No,18,No,6,
463287,Jeremy Cobb,Male,Yes,50,Yes,4,Artist
461392,Walter Bailey,Male,Yes,71,Yes,5,Artist
461546,Cheryl Meadows,Female,Yes,72,No,3,Lawyer
467780,Alyssa Harmon,Male,Yes,47,Yes,3,Artist
462130,Kirsten Gallagher,Female,Yes,45,Yes,2,Artist
464684,Linda Harris,Female,No,40,No,5,Engineer
462276,Jacob Carrillo,Male,No,36,Yes,1,Engineer
462142,Kent Wallace,Male,No,42,Yes,1,Artist
462417,Christopher Simmons,Male,No,30,No,4,Healthcare
466463,John Howard,Male,No,29,Yes,4,Healthcare
464736,Joyce Long,Male,No,28,Yes,5,Engineer
467520,Mary Hernandez,Female,,22,No,2,Healthcare
459835,Jordan Dixon,Female,Yes,85,No,1,Lawyer
463855,Christopher Young,Female,Yes,40,Yes,2,Artist
460344,Misty Jones,Female,Yes,52,Yes,2,Artist
466211,Catherine Sullivan,Male,Yes,47,Yes,,Artist
460139,Kirk Bailey,Male,No,26,No,6,Artist
464126,Andrea Krueger,Male,No,55,Yes,1,Marketing
461286,Brittany Hall,Male,No,20,No,4,Doctor
461621,Mr. Patrick Hartman,Female,Yes,87,Yes,2,Lawyer
460163,Karl Morales,Female,No,28,No,2,Healthcare
461958,Lynn Poole,Female,No,38,No,2,Artist
464875,Cesar Jones,Female,Yes,42,No,2,Entertainment
464791,Ricky Obrien,Female,Yes,42,No,6,Marketing
464579,Alicia Zhang,Male,No,29,No,4,Engineer
463531,Crystal Jackson,Female,No,32,Yes,4,Doctor
462651,Kathleen Davila,Male,Yes,38,No,5,Executive
465486,Tyler Jackson,Male,Yes,59,No,2,Artist
460882,Angela Wheeler,Male,No,22,No,2,Healthcare
467162,Nichole Ho,Female,No,26,No,,Homemaker
461298,Henry Berg,Female,Yes,78,Yes,2,Artist
461595,Latoya White,Male,No,32,Yes,3,Healthcare
459260,Kevin Jones,Male,Yes,37,Yes,4,Artist
462772,Brent Hunt,Female,Yes,37,Yes,4,Healthcare
462941,Rachel Castro,Male,No,67,No,2,Lawyer
459143,Mrs. Cynthia Summers DDS,Male,Yes,47,No,4,Artist
464532,Lauren Curry,Male,Yes,68,Yes,2,Lawyer
460056,Douglas Higgins,Male,No,30,Yes,5,Healthcare
466761,Jesse Thomas,Male,Yes,48,Yes,1,Entertainment
465469,Matthew Graham,Male,No,43,Yes,1,Artist
461886,George Fox,Female,Yes,33,Yes,2,Healthcare
465680,Ms. Deborah Sutton,Male,Yes,31,No,5,Healthcare
459316,Jean Thomas,Male,Yes,32,Yes,2,Healthcare
465609,Diana Swanson,Male,No,21,No,4,Healthcare
467009,Aaron Henry,Male,No,29,No,4,Homemaker
461766,Jennifer Valdez,Male,Yes,35,Yes,2,Artist
464938,Daniel Gordon,Female,Yes,46,No,3,Artist
462034,Cindy Erickson,Female,Yes,38,Yes,2,Artist
464049,Melissa Adkins,Female,No,32,Yes,3,Healthcare
467925,Veronica Wallace,Female,No,28,Yes,7,Artist
463711,Scott Gilmore,Male,Yes,68,Yes,1,Lawyer
463846,Darin Robertson,Male,Yes,45,Yes,1,Artist
462064,Scott Gomez,Female,Yes,58,Yes,3,Artist
463249,Mark Colon,Female,No,28,No,2,Entertainment
464217,Lisa Crane,Male,No,32,No,3,Healthcare
463378,Jerry Briggs,Female,No,30,Yes,1,Doctor
463035,John Myers,Female,Yes,42,No,4,Homemaker
459656,Paul Strickland,Male,No,22,No,6,
463114,Lori Nguyen,Male,No,41,Yes,3,Artist
465309,Chase Chandler,Female,No,18,No,4,Healthcare
462688,Karina Johnson,Female,Yes,29,Yes,3,Healthcare
459255,David Price,Female,No,33,Yes,3,Healthcare
467385,Jennifer Harper,Female,No,47,No,,Artist
467492,Amber Hernandez,Female,Yes,57,Yes,2,Doctor
460789,Steven Black,Male,Yes,36,Yes,3,Executive
467307,Clinton Owen,Male,Yes,57,Yes,3,Executive
464026,James Lowery,Male,No,18,No,2,Healthcare
464645,Jonathan Hayden,Male,,52,Yes,5,Artist
462493,Deanna Solis,Male,Yes,52,Yes,6,Artist
460685,Deanna Martin,Male,No,51,,4,Artist
460452,Daisy Ruiz,Female,Yes,37,Yes,2,Entertainment
459322,Charles Miller,Male,No,36,Yes,1,Marketing
464066,Penny Walter,Male,No,29,Yes,3,Healthcare
461114,David Ortiz,Female,Yes,45,Yes,4,Artist
465165,Carmen Hartman,Female,No,61,Yes,1,Artist
464526,Deanna Moreno,Male,Yes,52,Yes,4,Entertainment
460666,Bethany Rios,Male,Yes,49,Yes,1,Homemaker
465417,Kevin Mckinney,Male,Yes,40,Yes,2,Entertainment
464096,Jennifer Mclaughlin,Female,No,31,No,5,Healthcare
464891,Melissa Rogers,Female,Yes,42,No,3,Entertainment
460107,Jeffrey Ortega,Female,Yes,51,Yes,5,Engineer
467708,Amber Vaughn,Male,No,42,Yes,1,Healthcare
461873,Wendy Lucas,Male,No,29,Yes,4,Doctor
465181,Andrew Hoffman,Male,No,33,Yes,1,Healthcare
467204,Kelly Vazquez,Female,No,27,Yes,3,Healthcare
467320,Carolyn Stewart,Female,No,21,No,4,Healthcare
459468,Kimberly Gordon,Male,Yes,35,No,3,Artist
467316,Dennis Randall,Male,No,42,Yes,1,Doctor
466182,Christine Hamilton,Male,No,41,Yes,1,Artist
463757,Janet Wyatt,Male,No,39,Yes,3,Artist
462314,Dustin Norton,Male,No,28,No,1,Doctor
466392,Alexander Deleon,Female,Yes,45,Yes,,Engineer
466652,Mrs. Kelly Duke DDS,Female,Yes,61,Yes,2,Doctor
461664,Leah Bailey,Female,Yes,62,Yes,4,Artist
464105,Julie Martinez,Male,Yes,65,Yes,2,Entertainment
466790,Elizabeth Parker,Female,Yes,45,Yes,2,Doctor
463844,Jill Patterson,Female,Yes,26,Yes,2,Engineer
462913,Krista Ochoa,Male,No,25,Yes,5,Artist
465541,Heather Alvarez,Male,Yes,45,Yes,4,Artist
459149,Linda Chase,Male,Yes,43,No,4,Executive
464508,Austin Pearson,Male,Yes,49,Yes,3,Executive
458999,Mrs. Melanie Haynes,Female,Yes,55,Yes,2,Artist
459947,Kristopher Johnson,Female,No,37,Yes,1,Artist
465500,Joshua Hernandez,Female,Yes,65,Yes,2,Entertainment
466009,Travis Clark,Female,No,32,No,5,
466338,Kenneth Butler,Male,No,39,No,3,Engineer
465122,Kayla Alvarado,Female,Yes,40,Yes,2,Artist
465230,Christopher Stuart,Male,Yes,72,Yes,3,Entertainment
466369,Eric Martin,Female,No,38,No,1,Homemaker
463939,Joshua Welch,Female,No,26,No,5,Marketing
460825,Kimberly Gomez,Female,No,30,Yes,3,Doctor
461125,Joseph Green,Male,Yes,51,Yes,,Homemaker
463471,Tiffany Washington,Female,No,57,Yes,4,Marketing
467415,Kelly Baldwin,Female,No,31,Yes,1,Healthcare
465879,Amy Tucker,Female,No,39,Yes,1,Artist
463961,Debra Davis,Male,No,30,No,4,Engineer
462634,Amanda Morton,Female,Yes,43,No,3,Artist
463622,Cody Livingston,Male,No,27,Yes,1,Healthcare
466624,Scott Taylor,Male,Yes,46,No,4,Artist
467785,Brandon Rodgers,Male,Yes,43,No,2,Artist
461928,Emily Martinez,Male,Yes,69,Yes,1,Lawyer
460578,William Holmes,Female,Yes,28,No,4,Entertainment
460198,Sheila Gonzalez,Male,No,43,Yes,1,Entertainment
467468,Pamela Ruiz,Male,No,27,No,5,Healthcare
463581,Rebecca Bruce,Male,No,28,Yes,3,Healthcare
463968,Kaitlyn Luna,Male,No,33,No,4,Artist
465414,Eric Smith,Male,No,30,No,1,Engineer
464574,Pamela Cardenas,Female,No,58,No,2,Healthcare
462312,Julia Cruz,Female,No,38,Yes,4,Engineer
467971,Jesse Quinn,Male,No,31,Yes,4,Artist
464746,Kathleen Jackson,Male,Yes,32,No,5,Executive
459298,Ryan Bray,Male,Yes,45,Yes,4,Artist
466414,Judy Lewis,Male,Yes,66,Yes,3,Artist
460773,Nicholas Hill,Female,Yes,51,Yes,3,Artist
461594,Carla Lopez,Female,Yes,59,Yes,2,Artist
462713,Stacey Jackson,Male,No,40,Yes,1,Engineer
465163,Nicole Miller,Male,Yes,46,Yes,5,Artist
462222,Christopher Daniels,Male,No,20,No,6,Healthcare
459342,Tina Meyer,Male,Yes,84,No,2,Lawyer
463006,Thomas Allen,Male,No,41,Yes,1,Marketing
463029,Christopher Foster,Female,Yes,51,No,3,Artist
460767,Heidi Taylor,Male,Yes,57,Yes,5,Entertainment
464319,Kurt Moore,Male,No,33,No,1,Doctor
462828,Elizabeth Hernandez,Male,No,25,No,3,Marketing
459873,Jorge Snyder,Female,Yes,55,Yes,3,Artist
461608,Emily Hardy,Male,Yes,56,Yes,4,Executive
465155,Lisa Berry,Female,Yes,77,Yes,1,Lawyer
461704,Michael Owen,Female,Yes,30,Yes,2,Healthcare
464826,Jose Patton,Male,No,23,No,5,Healthcare
462677,Julie Johnson,Female,No,43,Yes,4,Artist
465006,Tina Lewis,Male,No,39,Yes,1,Entertainment
463483,Scott Smith,Male,Yes,29,No,2,Executive
459816,Daniel Grimes,Male,Yes,37,Yes,2,Doctor
459002,Frank Davidson,Female,Yes,45,No,2,Engineer
465990,Sara Perkins,Male,Yes,48,No,2,Executive
466044,Monica Reynolds,Male,Yes,27,No,4,Entertainment
461163,Diane Blevins,Male,Yes,60,No,4,Entertainment
467106,Mr. Bill Leblanc,Female,Yes,45,Yes,3,Entertainment
467373,Steve Ramirez,Female,No,31,Yes,1,Healthcare
461256,Angie Hendrix,Male,No,33,No,4,Doctor
466522,Edward Chambers,Male,,18,No,4,
459010,Stephanie Castillo,Male,Yes,48,Yes,3,Artist
466537,Kevin Davidson,Male,Yes,83,No,2,Lawyer
459046,Stephanie Robinson,Male,Yes,57,Yes,4,Executive
459335,Autumn Barker,Female,No,26,Yes,3,Healthcare
462695,Christopher Ramirez,Female,Yes,51,Yes,5,Artist
466208,Victoria Mays,Female,Yes,67,No,1,Executive
462128,David Irwin,Female,Yes,38,Yes,2,Artist
467329,Brooke Flores,Male,No,40,Yes,1,Doctor
461609,Travis Washington,Male,Yes,45,Yes,2,Artist
464470,Erika Dominguez,Male,Yes,48,Yes,4,Artist
462705,Diana Morgan,Male,Yes,69,No,2,Lawyer
465255,Amy Montes,Female,No,21,No,5,Healthcare
462536,Virginia Lane,Female,Yes,48,No,,Engineer
461186,Brad Reynolds,Male,No,18,No,3,Healthcare
466018,Mark Reynolds,Male,Yes,72,Yes,3,Artist
461385,Jeffrey Gutierrez,Male,Yes,85,No,1,Lawyer
459115,Stacey Espinoza,Female,No,21,No,5,Marketing
461263,Katherine Graham,Female,Yes,48,Yes,1,Artist
460027,Kyle Park,Female,No,37,Yes,,Entertainment
460366,Dale White,Female,No,28,No,5,Healthcare
464106,Christopher Russo,Female,Yes,55,Yes,2,Entertainment
465696,Melissa Walters,Male,No,56,Yes,2,Artist
461627,Suzanne Prince,Male,Yes,50,Yes,2,Doctor
467963,Andrea Nunez,Female,No,21,No,4,Healthcare
462437,Steven Cole,Male,No,18,No,6,Healthcare
467543,David Anderson,Male,Yes,68,Yes,2,Lawyer
465206,Christina Gray,Male,Yes,47,Yes,1,Artist
463040,Kimberly Barnett,Female,Yes,75,No,2,Lawyer
461668,Nicole Rodriguez,Male,Yes,50,Yes,4,Artist
461955,Kimberly Thomas,Female,No,31,Yes,4,Healthcare
467139,Angela Deleon,Male,No,30,Yes,3,Artist
459366,Jennifer Holmes,Female,Yes,41,Yes,4,Artist
460689,Jamie Pratt,Male,Yes,41,,2,Executive
462167,Joseph Hamilton,Female,Yes,35,No,1,Healthcare
466752,Dr. Tyler Stark,Male,Yes,37,Yes,1,Healthcare
462778,Zachary Anderson,Female,Yes,60,Yes,,Entertainment
466902,Joseph Johnson,Female,Yes,50,Yes,3,Doctor
459534,Christopher Powers,Female,Yes,36,Yes,2,Artist
463399,Kimberly Boyd,Male,No,26,No,3,Marketing
465538,Jessica Smith,Female,Yes,62,No,2,
464878,Drew Patterson,Male,No,22,No,4,Healthcare
467599,Rebecca Perez,Female,No,19,No,3,Healthcare
466226,Patricia Turner,Male,Yes,45,Yes,5,Artist
463576,Daniel White,Female,No,31,No,4,Doctor
464911,Debra Glover,Female,Yes,56,Yes,3,Artist
466457,Elizabeth Young,Female,Yes,62,,5,Lawyer
463909,Cynthia Harris,Female,No,25,Yes,3,Healthcare
466099,Nicholas Martinez,Male,Yes,73,Yes,1,Lawyer
464427,Renee Rodriguez,Female,Yes,62,Yes,4,Doctor
463951,Valerie Schneider,Female,Yes,46,No,3,Entertainment
465638,Ann Mccoy,Female,Yes,51,Yes,,Artist
465289,Donald Beard,Male,Yes,25,Yes,2,Executive
466718,Becky Everett,Female,Yes,66,,2,Executive
464219,Darius Galvan,Male,No,27,Yes,2,Marketing
467098,Andrew Nixon,Male,Yes,87,No,2,Executive
467451,Jamie Hernandez,Female,Yes,47,Yes,1,Artist
465137,Amanda Schmidt,Female,Yes,57,Yes,4,Artist
462289,Mrs. Toni Ryan PhD,Female,Yes,60,Yes,4,Artist
467459,Rebecca Bush,Female,Yes,40,Yes,5,Executive
460308,Steven Stephens,Male,No,32,Yes,,Doctor
467647,Michael Gross,Female,No,28,Yes,3,Healthcare
459803,Jill Walker,Male,No,39,Yes,3,Doctor
465972,Ms. Joanna Bates MD,Female,No,47,Yes,1,Marketing
459414,Frederick Wright,Female,No,39,Yes,,
466173,Christopher Webster,Female,No,28,No,,Entertainment
464136,Justin Sullivan,Male,Yes,69,Yes,3,Artist
459286,Stephanie Rodriguez,Male,No,42,Yes,1,Artist
463580,Michael Hamilton,Male,Yes,46,Yes,1,Engineer
466636,Nicholas Cox,Male,No,23,No,3,Marketing
461064,Casey Hernandez,Female,No,45,Yes,5,Artist
461597,Steven Smith,Female,Yes,38,Yes,4,Doctor
458990,Catherine Espinoza,Female,Yes,71,No,3,Lawyer
461351,Donald Ferguson,Male,No,26,No,2,Doctor
464420,Amber Stevens,Female,Yes,60,Yes,2,Artist
462060,Michael Padilla,Male,Yes,46,Yes,2,Artist
465707,Teresa Newman,Female,Yes,39,Yes,4,Entertainment
463733,Tabitha Terry,Female,No,18,No,3,Healthcare
463960,Antonio Howell,Male,Yes,26,Yes,2,Doctor
462395,Maria Matthews,Female,Yes,53,Yes,2,Artist
461015,Andrew Woodard,Female,Yes,40,Yes,2,Entertainment
464965,Taylor Salinas,Female,Yes,76,No,7,Executive
466267,Kevin Morales,Female,Yes,26,Yes,3,Entertainment
464056,Aaron Lee,Female,Yes,65,Yes,2,Artist
465898,Mercedes Bray,Male,No,37,Yes,2,Artist
465361,Kenneth Johnston,Female,No,25,No,4,Healthcare
461394,Savannah Williams,Female,No,21,No,5,Engineer
466269,Kathy Brown,Female,No,25,No,4,Healthcare
466213,Andrew Cortez,Male,No,23,No,5,Healthcare
465550,Natasha Edwards,Male,No,30,Yes,6,Healthcare
463451,Emily Davis,Male,No,30,No,4,Doctor
463877,Jason Hardy,Male,Yes,42,No,4,Entertainment
459499,Matthew Moore,Male,Yes,81,No,2,Lawyer
463876,Natalie White,Male,Yes,49,Yes,5,Entertainment
465448,Mary Howell,Male,No,32,No,3,Healthcare
463041,Mr. Joshua Blake MD,Male,Yes,43,Yes,4,Artist
459325,Scott Clark,Male,Yes,26,No,4,Executive
467233,Edward Barnes,Female,No,67,No,2,Artist
465264,Craig Archer,Male,Yes,88,No,1,Executive
461811,Tyler Horton,Male,No,40,Yes,4,Healthcare
466370,Kevin Smith,Male,,48,Yes,4,Artist
465368,Derek Fischer MD,Female,No,18,No,3,Healthcare
461245,Jason King,Male,Yes,39,Yes,3,
467693,Theresa Roman,Male,Yes,61,Yes,5,Entertainment
467879,Mr. Adam Reeves,Male,Yes,51,Yes,4,Artist
461499,Tara Vega,Male,Yes,25,No,2,Engineer
465936,Eric Fritz,Male,No,35,Yes,3,Artist
459748,Scott Johnson,Female,Yes,46,No,2,Executive
466376,Gina Hall,Female,Yes,53,No,3,Homemaker
460215,David Little,Female,Yes,48,Yes,1,Entertainment
462076,Mr. Steve Harris,Female,Yes,75,Yes,2,Lawyer
465756,Karen Williams,Male,No,23,No,3,Healthcare
463573,Jason Lee,Female,No,29,No,2,Doctor
463455,Gregory Drake,Female,Yes,46,No,2,Artist
460841,Carlos Morton,Male,No,61,Yes,1,Marketing
463959,Tina Taylor,Male,No,37,No,1,Artist
461792,Dr. Alyssa Harris,Female,No,23,No,5,Healthcare
459118,Barbara West,Male,No,21,No,8,Healthcare
462791,Allison Martinez,Male,No,33,No,4,Healthcare
460852,Erin Kelley,Female,Yes,74,No,,Executive
463102,Jose Davis,Male,No,41,No,2,Entertainment
463302,James Jones,Male,Yes,58,Yes,4,Engineer
462659,James Clarke,Female,Yes,25,Yes,2,Entertainment
463408,David Chandler,Female,No,33,No,3,Marketing
462071,Lisa Thompson,Female,Yes,43,No,2,Doctor
464806,Charles Johnson,Female,Yes,25,No,2,Executive
463664,Veronica Howard,Female,No,26,No,1,Engineer
467795,Troy Baker,Male,No,22,No,5,Healthcare
459141,Christine Munoz,Male,Yes,28,No,2,Artist
465900,Ariel Smith,Female,No,36,Yes,1,Entertainment
467265,Regina Gibbs,Female,No,28,No,3,Healthcare
464490,Michael Carroll,Female,Yes,85,Yes,4,Artist
461920,Robert Garcia,Female,No,30,Yes,,Entertainment
460411,Emily Sanchez,Female,Yes,43,Yes,2,Healthcare
466491,Lisa Phillips,Male,Yes,82,No,2,Executive
459062,Michelle Stuart,Male,,48,Yes,5,Executive
465248,Robert Castillo,Male,No,18,No,3,Healthcare
463308,Steven Kim,Male,Yes,53,Yes,2,Engineer
463478,Ashley Li,Female,Yes,50,Yes,4,Artist
465396,Mary Brennan,Female,Yes,39,No,6,Engineer
461954,Timothy Rose,Female,Yes,35,No,6,Engineer
467287,Emily Alexander,Male,No,28,Yes,3,Entertainment
463800,Benjamin Smith,Male,No,33,Yes,3,Engineer
459894,Vanessa Russell,Male,Yes,35,Yes,3,Healthcare
459778,Joshua Dennis,Female,Yes,48,Yes,4,Entertainment
464662,Jessica Kirby,Male,Yes,50,Yes,3,Artist
460878,Samuel Dickerson,Male,Yes,47,No,4,Entertainment
462187,Nicole Knight,Male,No,50,Yes,1,Artist
462675,Albert Roberts,Male,Yes,56,Yes,4,Artist
461908,Rachel Kennedy,Female,No,26,No,1,Healthcare
461951,Daniel Kim,Male,No,21,No,4,Healthcare
465352,Rebecca Cummings,Male,Yes,61,Yes,4,Entertainment
464258,Misty Wilson,Male,Yes,88,No,2,Lawyer
464215,Rebecca Foster,Male,No,72,No,2,Marketing
467561,Alexander Pruitt,Male,Yes,61,Yes,2,Artist
460322,Jennifer Walker,Male,Yes,45,No,,Engineer
464665,Jennifer Rowland,Female,Yes,51,No,5,Engineer
460670,Amy Washington,Male,No,42,Yes,2,Artist
461486,Krystal Grimes,Male,Yes,59,No,3,Entertainment
459526,Lauren Foster,Male,No,45,Yes,1,Healthcare
465429,Carl Maldonado,Male,Yes,68,Yes,3,Artist
466492,Carla Wilcox,Female,Yes,85,Yes,2,Lawyer
459489,Victoria Howell,Female,Yes,46,Yes,4,Doctor
459681,Tracy James,Female,Yes,32,Yes,2,Artist
462971,Jack Brown,Male,Yes,70,Yes,1,Engineer
461233,Ronald Dodson,Male,Yes,37,Yes,,Entertainment
461221,Robert Chan,Female,No,30,No,4,Marketing
464090,Patricia Tanner,Female,No,33,Yes,2,Engineer
459863,Edward Hawkins,Female,Yes,61,No,3,Healthcare
459822,Sean Davenport,Male,No,37,Yes,1,Engineer
462540,Kimberly Fitzpatrick,Male,Yes,32,Yes,2,Entertainment
467411,Derrick Wright,Female,Yes,52,Yes,2,Artist
463997,Mr. James Woods,Male,Yes,42,No,3,Entertainment
464103,Scott Dillon,Male,Yes,47,Yes,2,Artist
465751,Tiffany Ward,Male,Yes,52,Yes,2,Artist
459797,Katherine Marsh,Female,Yes,66,Yes,3,Entertainment
460798,Jamie Hopkins,Male,No,28,No,6,Engineer
464572,Amanda Williams,Female,Yes,47,Yes,1,Marketing
462352,April Mcmahon,Male,Yes,52,Yes,3,Entertainment
460513,Loretta Beck,Male,No,27,No,4,Healthcare
463228,Brian Manning,Female,Yes,56,Yes,5,Artist
464765,Jennifer Deleon,Male,Yes,53,No,6,Engineer
463720,Kimberly Little,Female,Yes,45,Yes,4,Artist
460799,Taylor Norris,Female,No,37,No,1,Homemaker
460891,Melissa Ford,Female,Yes,36,No,4,Artist
460311,Austin Lindsey,Female,No,25,Yes,3,Entertainment
466727,Tracey Robinson,Male,Yes,45,Yes,2,Artist
466157,Greg Harris,Male,Yes,72,Yes,,Homemaker
465138,Kevin King,Male,No,35,Yes,3,Entertainment
466361,Christopher Strong,Male,Yes,72,Yes,2,Lawyer
463154,Marisa Short,Female,Yes,31,No,4,Artist
462967,Tracy Austin,Male,Yes,47,No,3,Entertainment
460908,Kathleen Franklin,Female,No,20,No,3,Healthcare
467560,Eric Scott,Female,Yes,73,Yes,2,Lawyer
463404,Matthew Wallace,Female,Yes,29,No,2,Doctor
463281,James Dunlap,Male,Yes,25,No,2,Entertainment
462466,Denise Marks,Male,Yes,52,Yes,4,Executive
463744,Carlos Ibarra,Male,No,27,Yes,6,Artist
464209,Sara Logan,Male,Yes,52,Yes,4,Executive
462528,Timothy Fleming,Male,Yes,49,Yes,1,Artist
459518,Ashley Roman,Male,Yes,60,,4,
460061,Kenneth Doyle,Male,No,45,Yes,1,Marketing
466188,Kimberly Burch,Male,Yes,59,Yes,1,Artist
467914,Zachary Martin,Female,No,18,No,5,Healthcare
462758,Katrina Copeland,Female,No,18,No,3,Healthcare
465704,William Hanson,Female,Yes,55,No,1,Artist
460397,Jamie Stein,Male,No,59,Yes,1,Entertainment
466676,Stanley Hayes,Female,No,22,No,2,Healthcare
465024,Christina Wade,Female,Yes,52,Yes,4,Executive
461630,David Schaefer,Male,Yes,51,Yes,3,Artist
465328,Dr. James Gilbert,Female,Yes,35,No,5,Executive
461220,Rodney Butler,Female,No,26,No,3,Executive
463935,Mrs. Megan Bradford,Male,Yes,38,Yes,2,Entertainment
460514,Thomas Kemp,Male,Yes,43,Yes,4,Doctor
466262,Terry Cole,Male,No,41,Yes,2,Entertainment
467094,Erik Murphy,Male,No,27,No,,Homemaker
459280,Kyle Smith,Female,Yes,60,Yes,1,
464581,Angela Bass,Female,No,25,No,4,Doctor
459624,Johnny Williams,Female,No,18,No,5,Healthcare
460890,Sergio Baker,Male,Yes,47,Yes,4,Artist
466415,Elizabeth Jackson,Male,Yes,71,No,1,Marketing
462392,Jason Smith,Male,No,32,Yes,3,Entertainment
459706,Scott Williams,Female,Yes,60,Yes,3,Entertainment
464429,Eric Schneider,Female,No,33,Yes,,Healthcare
467446,Sheena Bates,Male,No,37,Yes,1,Artist
460528,Christopher Keller,Male,Yes,48,Yes,1,Homemaker
464836,Jennifer Macdonald,Male,,33,No,5,Engineer
459212,Jared Sutton,Male,Yes,68,Yes,2,Artist
462364,Dr. Dennis Rodriguez MD,Male,Yes,51,No,3,Artist
464549,Wendy Pacheco,Male,Yes,52,Yes,4,Executive
464555,Brandon Kelly,Male,Yes,31,Yes,4,Marketing
462027,Kayla Chapman,Male,No,39,No,1,Engineer
467110,Tracy Ponce,Male,,60,Yes,1,Lawyer
467123,Joshua Fox,Female,Yes,50,Yes,3,Executive
459599,Kristy Robinson,Female,No,19,No,4,Healthcare
467826,Gail Murray,Female,No,18,No,6,Healthcare
461837,Steve Tucker,Female,Yes,37,Yes,2,Artist
467328,Paul Sullivan,Female,Yes,50,Yes,3,Doctor
467962,Mr. Kevin Hendricks,Female,No,20,No,,Healthcare
464025,Anthony Moore Jr.,Female,No,19,No,6,Healthcare
460385,Margaret Thompson,Male,No,31,Yes,4,Healthcare
462551,Laura Kennedy,Female,Yes,53,Yes,2,Doctor
462047,Timothy Sanford,Male,Yes,26,Yes,2,Artist
459958,Brittany Miller,Male,No,37,Yes,3,Healthcare
465690,Brian Richardson,Female,Yes,49,No,2,Healthcare
459221,Christian Knight,Female,Yes,70,No,1,Entertainment
461059,Michael Nelson,Male,Yes,48,No,2,Lawyer
461227,Michael Young,Female,No,21,No,4,Healthcare
466246,George Hernandez,Male,No,19,No,4,Healthcare
462619,Ian Barnes,Male,,61,No,,
459561,Frederick Hardin,Female,No,31,No,3,Healthcare
467048,John Walton,Female,Yes,65,Yes,3,Lawyer
467362,Lisa Williams,Female,Yes,73,No,1,Executive
459846,Barbara Craig,Male,Yes,50,Yes,3,Artist
460351,Sarah Peters,Female,Yes,70,Yes,1,Lawyer
459515,Jessica Gross,Male,Yes,58,Yes,1,Engineer
460499,Jennifer Gonzalez,Female,,58,No,6,Marketing
460829,Karen Ray,Female,No,18,Yes,2,Healthcare
466559,Jenna Lee,Male,No,32,No,4,Healthcare
467236,Kara Duke,Female,No,40,Yes,1,Lawyer
461816,Catherine Peters,Male,No,49,Yes,5,Marketing
467409,Jonathan Robbins,Male,No,35,Yes,1,Artist
466299,Travis Chan,Female,Yes,40,Yes,2,Engineer
464565,Mrs. Shelley Johnson DDS,Male,No,30,Yes,4,Marketing
465906,Wayne Thomas,Female,No,35,Yes,1,Artist
460950,Alexis Kim,Male,Yes,28,No,5,Doctor
466654,Jennifer Mcbride,Male,No,30,,1,Marketing
459649,Crystal Morrison,Male,Yes,39,Yes,2,Healthcare
461077,Keith Young,Male,No,39,Yes,8,Entertainment
464642,Scott Rogers,Female,Yes,26,Yes,7,Engineer
463741,Dr. Natalie Roberts,Male,Yes,36,Yes,3,Artist
460594,Timothy Sullivan,Male,No,26,Yes,,Homemaker
465253,Mr. Kevin Cordova,Female,No,21,No,3,Healthcare
459936,Annette Peterson,Male,No,45,Yes,1,Artist
462998,Madeline Rogers,Female,Yes,45,No,4,Entertainment
464179,David Velasquez,Male,Yes,63,Yes,3,Artist
465655,Mr. Jeremy Kelly,Male,No,45,Yes,1,Artist
462988,Denise Montoya,Male,Yes,27,Yes,2,Healthcare
463933,Jeremy Long,Female,Yes,47,No,7,Executive
462111,Andrew Armstrong,Female,Yes,36,Yes,4,Artist
462435,Melissa Reynolds,Female,Yes,49,Yes,2,Artist
462747,Tyler Williams,Male,No,25,No,4,Doctor
462279,Virginia Fisher,Male,No,32,No,7,Healthcare
463383,Christopher Willis,Male,Yes,41,No,3,Executive
459743,Gregory Grant,Male,Yes,50,Yes,4,Artist
461762,Jason Barrera,Male,Yes,63,Yes,2,Artist
463071,Christopher Le MD,Female,Yes,69,No,4,Executive
464121,Laura Santos,Female,Yes,62,Yes,1,Engineer
465051,Debbie Patterson,Female,Yes,63,Yes,3,Marketing
460140,Terri Ruiz,Male,Yes,36,Yes,2,Artist
466197,Nicholas Hester,Male,Yes,31,No,2,Engineer
460433,Michelle Herrera,Male,No,45,No,2,Entertainment
462953,Matthew Johnson,Female,Yes,45,Yes,4,Artist
462535,David Chavez,Male,No,26,No,3,Doctor
462921,Elizabeth Holmes,Female,Yes,49,No,4,Artist
464735,Diana Moore,Female,No,38,Yes,3,Marketing
464455,Wendy Beasley,Male,Yes,74,Yes,2,Lawyer
461675,Melissa Rodriguez,Male,No,61,Yes,1,Lawyer
464578,Cindy Gregory,Male,No,26,Yes,,Healthcare
466304,Ashley Christian,Female,Yes,70,Yes,2,Lawyer
466850,Ruth Hamilton,Female,No,30,No,3,Doctor
467041,Julie Kane,Female,Yes,57,Yes,4,Artist
464775,Elizabeth Sullivan,Male,Yes,35,,4,
464858,Jessica Kline,Female,No,20,No,3,Healthcare
462040,Tina Bradley,Male,No,19,No,4,Healthcare
460800,Tracey Mcguire,Male,No,52,Yes,3,Artist
459663,Cynthia Lane,Male,No,31,Yes,6,Artist
462081,Rebecca Cameron,Female,No,22,No,3,Marketing
463047,Charlene Mendoza,Female,Yes,27,Yes,,Homemaker
464500,Kelli Harris,Male,,39,Yes,3,Artist
460756,Kyle Brown,Female,No,28,No,,Homemaker
462835,Lisa Collier,Female,Yes,59,No,4,Engineer
463766,Matthew Holder,Female,Yes,57,Yes,3,Artist
463874,Michelle Williams,Male,No,25,Yes,4,Healthcare
463525,Marcus Michael,Male,Yes,40,No,3,Engineer
465653,Christian Stevens,Male,Yes,53,Yes,2,Artist
465905,Richard Jackson,Male,No,32,Yes,1,Artist
465663,Sara Jones,Male,No,70,Yes,2,Artist
465225,Sandy Vasquez,Male,No,48,Yes,1,Engineer
465001,Thomas Bates,Female,Yes,75,Yes,2,Lawyer
466905,Janet Poole,Male,Yes,62,Yes,1,Artist
465573,Cristina Rodriguez,Male,Yes,41,No,6,Artist
467008,Stephanie Moore,Male,Yes,55,Yes,3,Artist
466995,Stephen Arnold,Female,No,35,Yes,,Artist
463397,Ralph Ramirez,Male,No,20,No,3,Healthcare
466238,Mrs. Cynthia Williams,Female,No,20,No,3,Healthcare
460531,Joshua Bennett,Female,No,35,No,5,
462250,Courtney Hernandez,Female,Yes,56,Yes,3,Entertainment
462611,Linda Benton,Female,Yes,39,No,7,Executive
459098,Christine Hines,Male,Yes,42,Yes,3,Entertainment
465701,Anthony Collins,Female,Yes,35,Yes,2,Artist
466242,Leah Le,Female,No,35,No,1,Engineer
466308,Katherine Juarez,Female,No,33,Yes,2,Healthcare
464039,Gregory Bridges,Male,No,42,Yes,2,Artist
459972,Tyler Brown,Male,No,35,Yes,2,Artist
461801,Donna Miller,Female,No,27,No,3,Healthcare
462716,Sandra Hunter,Male,No,33,No,2,Entertainment
467218,Jessica Morgan,Male,No,32,Yes,1,Artist
460387,Cynthia Thomas,Male,No,35,No,2,Entertainment
466441,Teresa Rose,Female,No,22,No,9,Healthcare
462057,David Mcbride,Female,Yes,40,Yes,4,Artist
466991,Renee Holloway,Male,Yes,51,Yes,2,Artist
459453,William Matthews,Female,Yes,88,Yes,,Lawyer
461714,Tiffany Horton MD,Female,Yes,82,Yes,2,Lawyer
463465,Jessica Gallagher,Male,Yes,43,Yes,3,Artist
467940,Cassandra Thompson,Male,No,29,No,4,Marketing
461970,Danny Rose,Male,No,38,Yes,1,Artist
459877,Ronald Manning,Female,Yes,37,Yes,3,Artist
460784,Melissa Lee,Male,No,32,Yes,6,Healthcare
460137,Jimmy Moyer,Male,No,26,Yes,4,Entertainment
465201,Steven French,Male,Yes,39,Yes,4,Entertainment
465371,Mr. Douglas Harrison Jr.,Male,No,43,Yes,1,Artist
463929,Anthony Meyer,Male,Yes,51,Yes,2,Doctor
461998,Eric Walters,Female,Yes,52,Yes,2,Artist
460828,Nichole Hernandez,Female,No,51,No,1,Entertainment
467523,Logan Garcia,Male,No,20,No,4,Healthcare
461673,Susan Hawkins,Male,No,33,No,5,Healthcare
459788,Gina Garcia,Female,No,36,Yes,1,Entertainment
462645,Nicole Burns,Female,Yes,39,No,6,Engineer
462666,Jason Porter,Female,Yes,48,Yes,2,Artist
462587,Hayley Wallace,Male,Yes,78,No,2,Lawyer
459583,Eric Moses,Female,Yes,46,Yes,1,Artist
467361,Matthew Savage,Male,Yes,26,No,4,Homemaker
459493,Scott Walls,Male,No,26,No,7,Healthcare
464583,Robin Brown,Male,No,37,Yes,,Engineer
462726,Sarah Anderson,Male,Yes,75,Yes,,Homemaker
466919,Joseph Larson,Female,No,19,No,5,Doctor
467949,Jessica Alvarez MD,Male,No,22,No,4,Healthcare
462406,Lisa Stanley,Female,Yes,27,No,3,Engineer
460434,John Livingston,Female,,57,Yes,3,Artist
463729,George Thompson,Male,No,32,No,5,Artist
466827,Jeffrey Ford,Female,Yes,37,No,4,Entertainment
463641,Tiffany Ellis MD,Female,No,33,Yes,3,Marketing
467294,Mary Arnold,Female,Yes,57,No,1,Engineer
460875,Mary Kelley,Male,No,35,Yes,3,Entertainment
459183,Robert Smith,Male,No,26,Yes,3,Artist
464541,Holly Thompson,Female,No,31,Yes,2,Doctor
461249,Sarah Summers,Male,No,53,Yes,,Artist
462959,Jessica Montgomery,Female,Yes,56,Yes,2,Engineer
459922,Terry Christian,Male,Yes,65,Yes,1,Lawyer
467935,Seth Walters,Female,No,23,No,3,Healthcare
461382,Joseph Fuentes,Male,Yes,68,No,2,Executive
462521,David Holmes,Female,No,32,No,1,Homemaker
463296,Samantha Hall,Male,No,21,No,5,Healthcare
467003,Erin Jones,Female,Yes,61,Yes,2,Artist
459705,Lisa Allen,Male,Yes,25,Yes,2,Entertainment
459984,Allison Coleman,Female,Yes,36,Yes,3,Entertainment
466051,Karen Haney,Female,No,25,No,1,Executive
463583,Caleb Jones,Female,Yes,58,Yes,4,Artist
466100,Elizabeth Smith,Male,Yes,66,Yes,2,Executive
461427,Grace Taylor,Male,No,42,Yes,2,Artist
464193,Stephen Carpenter,Female,Yes,36,Yes,2,Doctor
467835,Eric Allen,Female,Yes,58,No,2,Artist
463000,Steven Nelson,Female,No,36,No,1,Engineer
462457,Steven Cain,Male,No,28,No,4,Healthcare
460426,Tracy Schwartz,Male,Yes,45,No,2,Artist
466024,Daniel Henderson,Male,Yes,35,No,2,Entertainment
467031,Brandon Berry,Male,Yes,59,Yes,3,Artist
467440,Angel Mathis,Female,Yes,49,Yes,1,Entertainment
464377,Holly Kirby,Female,No,51,Yes,1,Entertainment
465870,Tony Parker,Male,No,40,Yes,2,Artist
460677,Sandra Richardson,Male,,49,No,2,Healthcare
460095,Robert Reynolds,Male,Yes,74,Yes,1,Lawyer
463297,Dawn Martin,Male,No,27,Yes,2,Healthcare
461790,Jacob Mcbride,Male,Yes,70,Yes,2,Artist
467410,Erin King,Female,Yes,62,Yes,2,Lawyer
465904,Robin Harris,Female,No,37,Yes,1,Artist
459393,Tammy Sandoval,Female,No,40,No,3,Healthcare
465712,Rebecca Wright,Male,No,47,Yes,1,
465771,Jeremy Smith,Female,Yes,52,Yes,4,Entertainment
462013,Cody Rice,Male,Yes,57,Yes,2,Executive
465620,Brandon Evans,Female,No,37,Yes,3,Artist
459840,Mark Cook,Female,Yes,60,Yes,1,Artist
461460,Erin Martin,Male,Yes,43,Yes,3,Executive
466317,Brandon Hamilton,Female,Yes,37,Yes,1,Entertainment
461962,Bryan Ruiz,Female,Yes,59,Yes,3,Entertainment
466071,Lauren Allison,Male,Yes,60,Yes,3,Artist
460796,Nicole Green,Female,Yes,69,No,3,Lawyer
467012,Mr. Ronald Hatfield,Male,Yes,49,Yes,4,Executive
460357,Matthew Meadows,Female,No,23,No,5,Healthcare
460182,James Davenport,Female,Yes,43,Yes,3,Artist
460491,Sandra Tran,Male,No,22,No,7,Healthcare
466630,George Miller,Female,No,29,No,4,Healthcare
466331,Patrick Phillips,Male,Yes,26,Yes,2,Marketing
463912,Sara Dunlap,Female,Yes,36,No,4,Artist
461728,Brandi Henderson,Male,No,55,Yes,1,Entertainment
463278,Martha Merritt,Male,Yes,59,Yes,1,Engineer
459413,Debra Olsen,Female,Yes,83,Yes,2,Artist
465659,Colleen Walsh,Male,No,55,Yes,,Doctor
461746,Marcus Sandoval,Male,Yes,53,Yes,3,Artist
465574,Corey Bautista,Female,Yes,62,Yes,3,Artist
462170,Amber Carroll,Male,Yes,73,No,3,Executive
460626,Gary Alexander,Male,Yes,45,No,4,Doctor
466122,Jose Holmes,Male,,28,Yes,8,Healthcare
466678,Anne Rogers,Male,No,28,Yes,4,Healthcare
464930,Angel Estes,Male,No,25,No,2,Marketing
465447,Keith Contreras,Female,Yes,52,Yes,3,Engineer
467549,Jacob Hess,Male,Yes,61,Yes,3,Entertainment
463718,Ashley Potts,Female,No,27,Yes,4,Artist
467626,John Flores,Male,Yes,31,Yes,2,Entertainment
459058,Thomas Buck,Female,No,40,Yes,4,Artist
461983,Cody Davis,Male,No,27,Yes,3,Artist
461207,Amanda Moore,Male,No,60,Yes,1,Artist
467585,Danielle Garcia,Male,Yes,40,Yes,2,Healthcare
464604,Robert Klein,Male,Yes,32,No,2,Entertainment
462529,Brandon Martinez,Female,Yes,42,Yes,2,Engineer
460475,Belinda Young,Female,Yes,32,Yes,2,Doctor
463553,Alexis Watts,Male,No,27,Yes,2,Artist
460912,Joshua Rivera,Female,No,29,No,5,Entertainment
461715,Victoria Cooper,Female,No,43,Yes,5,Entertainment
459567,Dennis Turner,Female,Yes,48,Yes,2,Doctor
462340,Joseph Ward,Female,Yes,62,No,6,Entertainment
461834,James Graves,Female,No,42,Yes,2,Artist
459677,Deborah Reid,Female,Yes,25,Yes,2,Artist
465148,Timothy Palmer,Female,No,31,No,,Artist
467911,Terri Harrell,Female,Yes,61,Yes,4,Healthcare
462981,Brian Alvarez,Female,No,26,No,1,Homemaker
463055,Teresa Townsend,Female,No,27,Yes,4,Doctor
461884,David Stevens,Male,Yes,40,Yes,2,Artist
467834,Steven Jones,Male,No,23,No,4,Healthcare
463019,Ryan Alvarado,Female,Yes,45,Yes,4,Executive
466996,Kevin Osborn,Female,No,37,Yes,1,Artist
463026,Michael Johnson,Male,Yes,28,Yes,2,Doctor
459479,Jessica Horn,Female,Yes,70,No,2,Marketing
465565,Jonathon Williams,Male,Yes,37,Yes,2,Artist
459523,Carrie Oliver,Female,No,19,No,4,Doctor
464707,David Page,Female,Yes,48,No,4,
466796,Carlos Tucker,Female,,56,Yes,5,Artist
462977,Daniel Villanueva,Female,Yes,36,No,3,Artist
462369,Christopher Barton,Female,Yes,63,No,5,Entertainment
463053,Morgan Andrade,Female,Yes,68,Yes,2,Artist
462139,David Silva,Female,No,27,Yes,4,Healthcare
460922,Dana Jones,Female,No,30,Yes,3,Entertainment
463706,Kylie Decker DVM,Male,No,33,Yes,3,Doctor
465703,Robert Rodriguez,Female,Yes,25,No,2,Entertainment
462796,Jennifer Sims,Female,No,37,Yes,2,Entertainment
459558,Jennifer Maynard,Male,No,30,Yes,3,Entertainment
459716,James Reynolds,Male,Yes,66,Yes,2,Engineer
460599,James Sullivan,Male,No,31,No,1,Engineer
465775,Harry Wagner,Male,No,31,Yes,3,Engineer
465392,Laurie Ryan,Male,Yes,45,Yes,5,Artist
464783,Ashley Sawyer,Female,Yes,42,No,3,Entertainment
459439,Erin Lawrence,Female,Yes,46,Yes,2,Artist
464356,Ashley Jones,Female,Yes,76,Yes,2,Lawyer
459881,Linda Miller,Female,No,25,Yes,4,Healthcare
461772,Amber Kane,Male,Yes,41,Yes,3,Engineer
460551,Leslie Nunez,Female,Yes,49,Yes,2,Engineer
466047,Kelly Weber,Female,No,32,No,5,
462248,Stephanie Griffin,Male,Yes,55,No,2,Artist
465011,Jennifer Gilmore,Female,Yes,66,Yes,2,Executive
467898,Kimberly Garcia,Female,Yes,68,Yes,1,Artist
461035,Thomas Winters,Female,No,21,No,,
465382,Kelli Morton,Male,No,39,Yes,,Artist
464460,Kimberly Perez,Male,No,26,Yes,2,Healthcare
466291,Jennifer Richards,Male,No,22,No,,Healthcare
461397,Kimberly Richardson,Male,No,20,No,4,Healthcare
464302,Natasha Thomas,Female,Yes,50,Yes,3,Doctor
465458,Bryan Davis,Female,Yes,84,Yes,2,Artist
467276,Amanda Hall,Male,No,43,Yes,5,Artist
461129,Kylie Mccarthy,Male,Yes,63,Yes,4,Entertainment
467406,Maria Liu,Male,No,37,Yes,1,Entertainment
463140,Richard Miller,Female,Yes,31,No,3,Engineer
460980,Patricia Jones,Female,No,26,No,3,Entertainment
464666,Jocelyn Meza DDS,Male,Yes,41,Yes,3,Entertainment
464236,Amanda Schroeder,Male,Yes,62,Yes,2,Artist
466898,Tyler Marsh,Male,Yes,45,Yes,4,Executive
462736,Joshua Morris,Female,Yes,28,No,3,Engineer
467952,Stephanie Andrews,Female,Yes,89,Yes,2,Lawyer
461399,Shirley Sanchez,Female,No,20,No,4,Healthcare
466320,Linda Acosta,Male,No,40,Yes,2,Engineer
465142,Darren Williams,Male,No,23,No,4,Healthcare
460334,Robert Sanchez,Male,No,41,Yes,1,Artist
460745,Sean Daniel,Male,Yes,78,No,2,Lawyer
459812,Robert Campbell,Female,No,43,Yes,1,Engineer
465197,Caitlin Collins,Female,Yes,57,Yes,4,Artist
462068,Patrick Cobb,Female,Yes,55,Yes,3,Executive
463592,Jaime Randall,Male,No,27,Yes,1,Engineer
467352,Jermaine Harrison,Male,Yes,51,Yes,4,Executive
465030,Lisa Anthony,Male,Yes,35,Yes,4,Executive
462095,Michael Poole,Female,Yes,49,Yes,3,Entertainment
460248,Eddie Morales,Male,No,33,Yes,2,Healthcare
464286,Kathryn Montoya,Female,Yes,60,Yes,2,Artist
464248,Donald Woods,Male,Yes,52,Yes,3,Artist
459167,Adam Grant,Male,No,42,Yes,2,Artist
462710,Ethan Coleman,Female,No,28,Yes,3,Marketing
462731,Jacob Diaz,Female,Yes,43,Yes,3,Artist
464475,Douglas Warner,Female,No,25,Yes,4,Healthcare
466899,Patrick Johnson,Male,Yes,51,Yes,2,Artist
460108,Dustin Bullock,Female,Yes,42,Yes,3,Artist
460606,Sarah Roberts,Male,No,20,No,5,Healthcare
459096,Eric Larson,Female,,80,No,1,Lawyer
467942,Diane Cox,Male,Yes,41,Yes,4,Artist
463264,Douglas Clark,Female,Yes,71,Yes,2,Lawyer
462089,Andrew Shelton,Male,Yes,42,Yes,2,Artist
467756,Robert Freeman,Male,Yes,56,Yes,2,Artist
461323,Carmen Buckley,Male,Yes,41,Yes,2,Healthcare
459563,Leslie Ewing,Female,Yes,72,Yes,2,Entertainment
467602,Kimberly Dennis,Female,No,30,No,4,Entertainment
462562,Scott Obrien,Female,No,25,Yes,6,Entertainment
461588,Tammy Flynn,Female,No,33,Yes,4,Marketing
465691,Kimberly King,Female,No,26,Yes,,Artist
460894,Gregory Diaz,Female,Yes,38,No,3,Executive
459151,Michael Myers,Female,Yes,60,Yes,2,Lawyer
466417,Patricia Joseph,Female,Yes,79,No,3,Lawyer
466837,Jessica Stevens,Male,No,38,Yes,4,Marketing
466918,Audrey Wilkinson,Male,Yes,56,Yes,1,Artist
464133,Steven Brown,Male,Yes,73,No,1,Homemaker
466101,Roberta White,Male,No,22,No,7,Healthcare
464289,Paul Anderson,Male,Yes,42,No,3,Marketing
461936,Chad Reid,Male,Yes,72,No,2,Lawyer
459301,Jennifer Young,Female,No,33,Yes,3,Healthcare
462284,Daniel Swanson,Male,Yes,53,Yes,4,Executive
463290,Rachel Soto,Female,No,25,No,5,Healthcare
462413,Christopher Grant,Female,Yes,46,Yes,3,Artist
466814,Sharon Price,Female,No,18,No,3,Healthcare
460996,Clayton Perkins,Male,No,60,Yes,1,Engineer
459714,Laura Smith,Male,No,22,No,4,Doctor
464829,Amy King,Male,No,22,No,5,Healthcare
467474,Donna Jones,Female,No,18,No,5,Healthcare
466134,Catherine Ball,Female,Yes,39,Yes,3,Doctor
460496,Larry Barr,Male,No,19,No,5,Healthcare
461995,Jerome Wheeler,Female,No,30,No,1,Artist
466798,Jasmin Singh,Female,No,23,No,5,Healthcare
461086,Bruce Stafford,Male,No,23,No,7,Healthcare
459306,James Dunn,Male,No,48,Yes,1,Artist
464919,Andrew Joseph,Male,Yes,39,Yes,1,Artist
461798,Lance Brown,Male,No,56,Yes,1,Artist
466987,Philip Velasquez,Female,Yes,63,No,2,Artist
459329,Joseph Rojas,Male,Yes,71,No,4,Engineer
465174,Amy Bell,Male,Yes,70,Yes,2,Entertainment
460979,Stanley Hernandez,Male,Yes,84,No,1,Lawyer
465272,Stephanie Ferguson,Male,Yes,39,Yes,6,Executive
460463,Tammy Liu,Male,Yes,42,Yes,4,Artist
460246,Randall Jones,Male,Yes,46,Yes,2,Artist
463423,Jose Navarro,Male,Yes,63,No,3,Executive
466992,Joe Williams,Female,Yes,55,No,3,Artist
461530,Shane Ramirez,Male,Yes,42,Yes,2,Engineer
463615,Beverly Vega,Female,Yes,58,Yes,2,Artist
465101,Tiffany Crawford,Male,Yes,88,Yes,1,Lawyer
464997,Timothy Woods,Female,Yes,43,Yes,2,Artist
462255,Brandon Richardson,Female,Yes,73,Yes,3,Executive
460734,Erin Marshall,Male,Yes,35,Yes,,Entertainment
462616,Jimmy Good,Female,No,30,No,5,Healthcare
460968,Ryan Peterson,Female,Yes,30,No,2,Doctor
465235,Brady Griffin,Male,Yes,46,Yes,3,Healthcare
461818,Ralph Martinez,Female,Yes,43,Yes,2,Artist
463171,Barbara Lee,Female,Yes,36,No,3,Entertainment
460776,Mr. Wayne Reed DVM,Female,Yes,47,Yes,1,
461634,Ryan Peters,Male,Yes,63,Yes,1,Entertainment
462150,Albert Pham,Female,Yes,35,Yes,2,Artist
461503,Matthew Riggs,Female,No,31,Yes,2,Artist
464408,Kim Glass,Female,Yes,45,Yes,4,Artist
463163,Caleb Byrd,Female,No,26,No,2,Executive
462358,Frank Walton,Male,Yes,37,No,2,Doctor
460647,Frances Barrera,Male,Yes,26,No,2,Doctor
464888,Sharon Chapman,Male,Yes,37,No,5,Entertainment
461652,Carol Brown,Male,Yes,53,Yes,3,Artist
467062,Benjamin Hartman,Female,No,55,Yes,1,Artist
467157,Andrea Johnson,Female,Yes,42,Yes,6,Executive
462509,Sydney Gonzalez,Male,Yes,46,Yes,2,Artist
459469,Joshua Brown,Female,Yes,30,Yes,6,Healthcare
465499,Melanie Hughes,Female,No,63,Yes,1,Artist
464913,Warren Porter,Female,Yes,52,Yes,4,Entertainment
465969,Dr. Jack French,Male,No,28,Yes,2,Doctor
464922,Jonathan Morris,Female,No,20,No,5,Healthcare
463022,John Smith,Male,Yes,60,Yes,3,Executive
464704,Crystal Maxwell,Male,Yes,42,Yes,4,Healthcare
462345,Alicia Moore,Male,Yes,46,Yes,6,Doctor
461439,Stephen Pittman,Female,Yes,37,Yes,2,Artist
461599,Dale Guerrero,Male,No,42,Yes,1,Artist
465705,Cristian Schroeder,Male,Yes,46,Yes,4,Artist
461043,Michele Ross,Male,Yes,49,No,7,Healthcare
467551,Samantha Adams,Female,Yes,89,No,2,Lawyer
464053,David Thompson,Female,Yes,38,No,1,Entertainment
459282,Cheryl Walker,Female,Yes,48,Yes,2,Artist
461649,Karen Lara,Male,Yes,51,Yes,4,Artist
464389,Carrie Nelson,Female,Yes,73,Yes,2,Artist
464293,Kristi Swanson,Male,No,30,Yes,4,Healthcare
461739,William Cooper,Female,Yes,46,Yes,,Artist
465320,Alexandra Cobb,Female,Yes,65,Yes,2,Lawyer
463707,Bob Lane,Female,No,36,No,1,Artist
465436,Amy Walsh,Male,No,25,Yes,3,Healthcare
464562,Karen Berg,Female,No,31,No,3,
465078,Caitlin Hernandez,Male,Yes,43,Yes,4,Executive
460568,Becky Horton,Male,Yes,33,Yes,2,Homemaker
459636,Christine Deleon,Female,No,30,Yes,1,Entertainment
466445,Sara Jackson,Male,,21,No,4,Healthcare
460129,Jason Rose,Female,No,25,Yes,2,Engineer
465373,Joel Lam,Female,Yes,49,Yes,4,Artist
463966,Isaac Jones,Male,No,31,Yes,1,Artist
465467,Evan Preston,Female,,33,No,3,Healthcare
460918,Cynthia Mayo,Female,No,27,Yes,8,Doctor
465954,Mark Roman,Female,No,33,Yes,3,Entertainment
465153,Tanya Vaughn,Male,Yes,35,Yes,2,Artist
466502,Judy Hicks,Female,No,19,No,5,Healthcare
460819,Daniel Levy,Male,Yes,25,No,5,Marketing
464993,Courtney Baker,Female,Yes,57,No,4,Executive
463103,Kathryn Johnson,Female,Yes,45,No,4,Executive
466302,Darius Clark PhD,Female,Yes,47,No,3,Homemaker
466521,Natasha Williams,Female,Yes,20,,3,Marketing
464288,Matthew Walls,Male,No,33,Yes,2,Doctor
460240,Thomas Patel,Female,Yes,45,Yes,1,Artist
459188,Jason Roberts,Female,No,27,No,3,Healthcare
465411,James Torres,Male,Yes,38,Yes,1,Engineer
465595,Paul Flores,Female,No,38,No,3,Engineer
466021,Jermaine Allen,Male,No,87,No,1,Lawyer
461831,Cameron Thomas,Female,No,30,Yes,3,Doctor
462556,Cassidy Alexander,Female,Yes,57,Yes,7,Entertainment
467321,Kerry Yang,Female,Yes,63,Yes,2,Artist
459327,Kenneth Choi,Male,No,50,No,3,Doctor
461626,Jason Barnes,Male,Yes,68,Yes,2,Executive
463337,Paul Long,Female,Yes,33,No,2,Entertainment
467615,Steven Gill,Female,Yes,37,Yes,2,Doctor
463597,Bryan Owens,Male,No,25,No,6,Engineer
463784,Eric Miller,Male,No,29,No,5,Engineer
459513,David Sandoval,Female,No,32,Yes,2,Healthcare
465804,Jodi Barron,Female,Yes,68,No,1,Engineer
465103,Amanda Washington,Female,Yes,86,Yes,2,Lawyer
464007,Cindy Gross,Female,Yes,49,Yes,3,Artist
463060,Dennis Jones,Male,Yes,32,Yes,2,Homemaker
461359,David Sexton,Male,Yes,28,Yes,4,Healthcare
467002,Cindy Harrison PhD,Male,No,26,Yes,,Homemaker
465014,Jessica Wade,Female,Yes,83,No,1,Lawyer
459100,William Garcia,Female,No,63,Yes,1,Artist
464083,Joshua Smith,Female,Yes,65,No,2,Lawyer
464552,Melissa Griffith,Male,Yes,38,Yes,3,Artist
460218,William Little,Male,Yes,61,Yes,1,Entertainment
460297,Julie Smith,Female,Yes,46,Yes,2,Artist
467171,Shawn Murray,Female,No,30,Yes,2,Doctor
464809,Charles Rodriguez,Male,Yes,46,,5,Entertainment
463008,Kaitlyn Herring,Male,No,53,No,,Entertainment
464023,Gloria Chen,Female,No,22,No,5,Healthcare
467929,Denise Terrell,Female,Yes,42,Yes,2,Artist
461049,Jonathan Boyd,Male,Yes,57,Yes,7,Doctor
465049,Allison Smith,Male,Yes,49,No,2,Engineer
460751,Paula Davila,Female,No,25,No,3,Artist
461690,Christine Knapp,Female,No,31,Yes,1,Engineer
464084,Nicholas Harper,Female,No,25,No,5,Healthcare
465644,Lindsay Wilson,Male,No,33,Yes,5,Healthcare
459470,Stacey Turner,Male,No,29,Yes,6,Healthcare
462700,Janet Callahan,Female,Yes,38,Yes,4,Artist
465067,Sarah Bowen,Female,Yes,62,Yes,2,Executive
464247,Jonathan Vasquez,Male,Yes,59,No,1,Engineer
459465,Diane Hanna,Female,Yes,27,Yes,5,Entertainment
463894,Dustin Vega,Female,Yes,51,Yes,3,Artist
466089,Jason Gross,Female,No,59,No,3,Entertainment
459355,Robert Zimmerman,Female,Yes,78,No,1,Homemaker
467227,Matthew Young,Male,No,37,Yes,1,Artist
459054,Amy Jackson,Female,Yes,37,Yes,4,Executive
463609,Maria Williams,Female,Yes,30,No,2,Artist
466260,Victoria May,Male,Yes,43,Yes,2,Entertainment
464283,Tyler Roberts,Male,No,40,Yes,2,Artist
465646,Raymond Davila,Female,No,40,Yes,2,Artist
461103,Daniel Boyd,Female,No,30,No,5,Engineer
464378,Melissa Dominguez,Female,Yes,40,Yes,2,Artist
462661,Shannon Parker,Male,Yes,62,Yes,3,Artist
460266,Gary Johnson,Female,No,22,No,8,Healthcare
462983,Melody Johnson,Female,Yes,66,Yes,2,Lawyer
459022,David Craig,Female,Yes,67,Yes,1,Artist
463231,Mark Camacho,Male,Yes,50,Yes,3,Artist
465863,Derek Murphy,Female,No,27,No,3,Healthcare
463557,Gary Martinez,Male,No,28,Yes,3,Doctor
467636,John Clements,Male,Yes,45,Yes,2,Doctor
463539,Jerry Peck,Female,Yes,59,Yes,2,Artist
459633,Erin Ramos,Female,No,19,No,2,Healthcare
462304,Madison Flores,Male,Yes,62,Yes,4,Artist
466988,Jason Hicks,Female,No,72,Yes,,Lawyer
467467,Miguel Lee,Male,No,19,No,4,Healthcare
464871,Charles Booth,Female,No,28,Yes,3,Entertainment
462258,Dennis Johnson,Female,No,25,No,4,Doctor
467813,Tina Palmer,Female,Yes,36,Yes,2,Entertainment
459068,Dawn Miller,Male,No,33,Yes,2,Healthcare
462701,Tammy Lloyd,Female,Yes,59,No,4,Entertainment
466536,Heidi Grant,Female,No,20,No,4,Healthcare
465668,Michelle Villanueva,Male,No,23,No,5,Healthcare
462234,Brenda Hill,Female,Yes,27,No,6,
460340,Matthew Garcia,Male,No,46,Yes,2,Artist
466820,Austin Stanley,Female,Yes,74,No,2,Lawyer
462922,Steven Manning,Female,No,26,No,1,Doctor
465326,Amy Lewis,Male,Yes,76,Yes,1,Artist
464130,Krystal Anderson,Female,No,41,Yes,3,Artist
463832,Cindy Cohen,Female,No,32,No,,Marketing
462735,Christopher Marks,Male,Yes,30,No,2,Artist
464412,Thomas Gomez,Male,Yes,70,No,2,Lawyer
464468,Kyle Mueller,Female,Yes,50,Yes,3,Artist
463422,Gregory Williams,Female,Yes,39,No,4,Executive
459498,Robin Boyd,Male,Yes,42,Yes,2,Artist
460173,Donald Hawkins,Female,Yes,40,Yes,3,Artist
463091,Michael Sosa,Female,Yes,39,Yes,1,Homemaker
467213,Steve Vance,Female,Yes,88,Yes,2,Lawyer
461804,Kevin Cross,Female,No,43,Yes,1,Artist
466649,Benjamin Williams,Male,No,19,No,3,Healthcare
460533,Todd Watkins,Female,Yes,45,No,1,Artist
465820,Melissa Faulkner,Male,,30,Yes,4,
466329,Linda Kirby,Female,Yes,39,,1,Doctor
461892,Shelby Rose,Male,No,35,Yes,1,Healthcare
463656,Mary Byrd,Female,Yes,53,Yes,3,Doctor
462850,Ronald Meyer,Female,No,21,No,4,Healthcare
460603,Emily Lopez,Female,No,22,,3,Entertainment
460707,Michael Short,Female,Yes,38,No,3,Artist
463122,Jacob Hopkins,Female,Yes,36,Yes,3,Executive
467588,Chase Burton,Female,Yes,63,Yes,4,Artist
462552,Keith Frazier,Female,No,31,Yes,2,Artist
466048,Ryan Hanson,Male,No,25,No,1,Entertainment
467845,Tiffany Davidson,Male,Yes,52,Yes,2,Entertainment
459810,Benjamin Kane,Female,No,19,No,4,Healthcare
461267,Patricia White,Male,No,35,Yes,1,Healthcare
466572,Bethany Villa,Female,No,30,No,4,Healthcare
464092,Yvette Ewing MD,Female,Yes,59,Yes,5,Artist
467025,John Lambert,Female,No,25,No,3,Engineer
466110,Jason Crawford,Male,Yes,77,Yes,1,Lawyer
462353,Sonya Tapia,Male,Yes,58,Yes,2,Doctor
459904,David Moore,Male,Yes,38,Yes,4,Artist
462011,Wanda Doyle,Female,Yes,29,No,4,Marketing
462367,Lindsay Scott DDS,Male,Yes,56,Yes,3,Artist
460220,Brenda Schultz,Male,No,37,Yes,2,Entertainment
461429,Kevin Thompson,Male,Yes,49,Yes,4,Doctor
462668,Nathan Thomas,Male,No,41,Yes,1,Artist
467339,Stephanie Aguirre,Female,,55,Yes,3,Artist
461699,Matthew Roberts,Female,No,28,Yes,1,Doctor
464885,Denise Chan,Male,No,35,No,2,Engineer
460989,Martin Bright,Male,No,23,No,3,Healthcare
462156,Caitlin Rogers,Female,Yes,43,Yes,2,Artist
461182,Matthew Berry,Female,No,18,No,,Healthcare
460507,Katie Dixon,Female,No,30,No,4,Doctor
462875,Eileen Kirby,Male,No,20,No,3,Healthcare
461708,Jennifer Bennett,Female,Yes,84,No,2,Lawyer
459766,Patrick Harris,Female,No,42,Yes,1,Engineer
462137,Walter Carlson,Female,No,28,Yes,1,Doctor
459630,Larry Berger,Female,Yes,73,Yes,2,Lawyer
462699,Daniel Trevino,Female,Yes,61,Yes,4,Lawyer
465897,Joshua Johnston,Male,Yes,42,Yes,1,Artist
465628,Charles David,Female,Yes,49,Yes,2,Artist
462987,Katherine Lewis,Female,Yes,84,Yes,2,Lawyer
463492,Derek Frost,Female,No,22,No,4,Healthcare
462321,Patrick Ball,Female,No,42,Yes,1,Engineer
460511,Sherry Gomez,Female,No,31,No,4,Doctor
459225,Jonathan Patel,Male,Yes,49,Yes,4,Artist
467894,Todd Atkinson,Male,Yes,58,Yes,2,Artist
465076,Edwin Collier,Female,Yes,72,Yes,5,Artist
467573,William Willis,Female,Yes,45,Yes,4,Artist
465266,Yvonne Thomas,Male,Yes,49,Yes,5,Entertainment
462215,Chelsea Garcia,Female,No,20,No,3,Marketing
466279,Rebecca Thompson,Female,No,31,No,4,
467131,Miguel Mcdowell,Female,Yes,50,Yes,2,Artist
459456,Christopher Munoz,Male,No,65,No,1,Lawyer
460225,Samuel Gonzales,Male,Yes,78,Yes,2,Lawyer
463825,Emily Miller,Male,Yes,45,Yes,3,Artist
462597,Nicholas Brown,Male,Yes,29,No,4,Healthcare
466360,Joseph Serrano,Male,No,25,No,3,Healthcare
465542,Brittany Poole,Male,Yes,62,No,5,Doctor
465848,Justin Vasquez,Female,No,28,Yes,1,Healthcare
459043,Austin Young,Female,Yes,49,No,1,Engineer
463069,Benjamin Fox,Female,No,29,Yes,1,Artist
459795,Vickie Rodriguez,Female,No,52,Yes,1,Artist
464954,Joel Rogers,Male,No,23,No,4,Healthcare
459713,Brian Bryant,Female,No,18,No,3,Healthcare
463068,Joshua Roberts,Female,Yes,26,Yes,2,Artist
464834,Jacob Miller,Male,Yes,51,No,4,Executive
462908,Gilbert Burns,Female,Yes,27,No,3,Executive
464032,Courtney Gomez,Male,No,20,No,3,Healthcare
459307,Melissa Byrd,Male,Yes,62,Yes,1,Entertainment
462224,Robert Jones,Male,Yes,63,No,8,Engineer
465611,Amanda Brown,Male,No,53,Yes,1,Doctor
466322,Katherine Randall,Female,No,28,No,3,Doctor
461548,Debbie Jones,Male,No,33,Yes,3,Engineer
461870,Mr. Steven Gross,Female,Yes,45,Yes,2,Artist
466966,Jennifer Ball,Female,Yes,61,Yes,2,Entertainment
459207,Ricky Cuevas,Male,Yes,62,,4,Doctor
465672,Vanessa Hamilton,Male,No,42,No,3,Executive
459317,Sharon Curtis,Male,Yes,52,Yes,4,Executive
464362,Daniel Allen,Female,Yes,51,Yes,1,Artist
465683,Deborah Lawrence,Female,No,49,No,2,Entertainment
462253,Stephanie Warren,Female,Yes,51,Yes,2,Engineer
459421,Matthew Banks,Male,Yes,29,No,4,Healthcare
459987,William Walker,Female,Yes,53,Yes,2,Healthcare
460036,Jasmine Rosales,Female,Yes,40,Yes,1,
461613,Tammy Gibbs,Male,No,25,Yes,4,Healthcare
461168,Jessica Orozco,Male,Yes,29,No,2,Engineer
459247,Andres Moreno,Male,Yes,60,Yes,5,Executive
460770,Elizabeth Wheeler,Male,No,25,Yes,3,Healthcare
465047,Steven Lee,Male,Yes,55,Yes,2,Executive
467013,Luis Rivera,Female,Yes,66,Yes,2,Executive
465894,Alec Schmidt,Female,No,27,Yes,6,Artist
462702,Cindy Myers,Male,Yes,51,No,4,Entertainment
465431,Shawn Barnes,Male,Yes,35,No,2,Artist
466386,Edwin Reid,Female,Yes,65,Yes,2,Executive
467221,Christopher Herring,Male,No,20,No,4,Doctor
464057,Tina Small DDS,Female,No,32,Yes,5,Marketing
467217,Jonathan Kelley,Female,Yes,79,Yes,2,Lawyer
462186,Joanna Schaefer,Female,No,21,No,3,Doctor
463432,Jamie Wright,Female,No,36,Yes,1,Artist
466753,Robert Bailey,Female,Yes,70,Yes,2,Artist
465123,Jasmine Lamb,Female,No,28,Yes,3,Healthcare
459965,Henry Wilson,Male,No,25,Yes,1,Artist
466030,Angela Mitchell,Male,Yes,36,No,2,Entertainment
462582,Deanna Robertson,Female,No,20,No,4,Healthcare
461466,James Glover,Male,Yes,49,No,2,Artist
459676,Chad Marquez,Female,No,28,Yes,2,Artist
464380,Jennifer Robinson,Male,Yes,49,Yes,6,Artist
466846,Sandra Rivera,Female,No,18,No,4,Healthcare
465184,Faith Cruz,Male,Yes,46,No,5,Engineer
459481,Bethany Brown,Female,Yes,47,No,2,Lawyer
467263,Christine Richards,Female,No,32,No,1,Marketing
465136,Dale Murray,Female,Yes,47,Yes,2,Artist
464253,Kevin Stout,Male,Yes,49,Yes,4,Artist
466534,Michele Green,Female,No,28,No,9,Healthcare
466411,Jason Mcneil,Male,Yes,58,Yes,3,Artist
462576,Diana Lawrence,Female,No,21,No,4,Healthcare
467704,Brandon Maxwell,Male,Yes,53,Yes,2,Artist
465303,Jonathon Mitchell,Female,Yes,67,Yes,3,Artist
467703,Maureen Davis PhD,Male,No,26,Yes,5,Healthcare
465493,John Dean,Female,No,26,No,3,Artist
461322,Kevin Norton,Male,Yes,40,Yes,2,Artist
461706,Richard Dalton,Male,No,25,Yes,3,Healthcare
463629,Kristen Bailey DDS,Male,No,41,Yes,1,Artist
465140,Amanda May,Female,Yes,45,Yes,3,Executive
459308,Marcus Bryant,Male,Yes,47,Yes,2,Artist
459582,Tiffany Weber,Male,Yes,27,No,3,Entertainment
460859,Meghan Young,Male,Yes,50,Yes,4,Entertainment
461915,Christina Anderson,Female,Yes,51,No,2,Artist
466358,Michelle Leach,Male,,28,No,4,Engineer
459708,Caroline Cruz,Female,No,39,Yes,1,Engineer
459179,Jane Austin,Female,Yes,60,No,3,Entertainment
462654,Janet Cox,Male,Yes,39,No,6,Artist
466256,Danielle Young,Female,Yes,65,Yes,1,Engineer
465649,Brian Ross,Male,Yes,43,Yes,1,Marketing
467333,Christian Hunt,Male,Yes,58,Yes,6,Artist
465652,Julie Cohen,Female,Yes,31,No,2,Marketing
460360,John Moore,Female,Yes,38,Yes,1,Artist
464472,Jeffrey Gray,Female,No,27,Yes,3,Artist
467422,Russell Davis,Female,Yes,58,Yes,2,Artist
463116,Frances Cruz,Female,Yes,62,Yes,2,Artist
460177,Samantha Smith,Female,No,48,Yes,1,Artist
465081,Kristina Allen,Male,Yes,57,Yes,2,Executive
467810,Michelle Bonilla,Female,Yes,42,Yes,5,Artist
465063,Brian Ford,Male,Yes,68,Yes,2,Lawyer
462690,Jessica Marshall,Male,Yes,38,Yes,4,Engineer
467752,Sydney Walton,Female,Yes,31,No,3,Executive
466430,Beverly Stanley,Male,Yes,51,No,4,Engineer
465713,Karina Mack,Female,Yes,59,Yes,4,Artist
462555,Derek Brown,Female,Yes,36,Yes,2,Artist
459668,Chris Hill,Female,Yes,32,No,3,
461615,Jessica Williams,Male,No,25,Yes,2,Doctor
461532,Richard Wilson,Male,Yes,48,Yes,1,Entertainment
465295,Sabrina Miller,Female,,37,Yes,1,Doctor
459175,Edward Young,Female,Yes,70,Yes,2,Artist
463739,Trevor Gray,Male,Yes,42,No,3,Marketing
464339,Emily Smith,Female,No,26,No,2,Artist
465074,Jeffrey Duran,Female,No,25,Yes,4,Artist
465282,Amy Mcdonald,Female,No,36,Yes,3,Artist
460488,Jose Martinez,Female,No,42,No,1,Doctor
464554,Theresa Hatfield,Male,No,35,Yes,7,Artist
462814,Danielle Padilla,Female,Yes,22,No,2,Engineer
462073,Colton Pena,Male,No,36,Yes,1,Artist
459901,Charles Taylor III,Female,Yes,47,Yes,3,Artist
460858,Jonathon Cox,Female,No,19,No,4,Healthcare
461895,Sandra Brown,Male,Yes,36,Yes,2,Entertainment
467308,Pamela Reynolds,Female,No,28,Yes,3,Doctor
467584,Shaun Hughes,Male,Yes,52,No,4,Doctor
466444,Jessica Carroll,Female,Yes,50,Yes,4,Doctor
462622,Gerald Scott,Male,Yes,47,No,4,Executive
460100,Elizabeth Alvarez,Female,No,29,Yes,1,Doctor
466591,Lindsay Nichols,Female,No,23,No,4,Healthcare
462849,Kurt Spears,Female,Yes,50,Yes,4,Artist
463235,Susan Lee,Male,No,21,No,4,
466410,Phillip Warren,Male,Yes,56,Yes,1,Artist
464141,Willie Williams,Female,Yes,32,Yes,2,Entertainment
464634,Adam Wilson,Male,No,32,Yes,9,Engineer
461564,Jonathan Larson,Female,Yes,63,Yes,2,Executive
463219,Phillip Bolton,Male,Yes,50,No,2,Entertainment
461425,Allison Rivas,Female,Yes,52,Yes,4,Artist
464009,Gina Alvarado,Male,Yes,49,Yes,4,Artist
460573,Jasmine Banks,Male,No,62,No,1,Healthcare
460951,Connie Smith,Female,Yes,55,No,7,Engineer
462262,Gregory Morgan,Male,No,27,No,3,Healthcare
467126,Christopher Anderson,Female,Yes,45,Yes,1,Artist
462924,Megan Anthony,Male,Yes,31,No,2,Homemaker
462488,Heidi Griffin,Male,No,33,Yes,5,Healthcare
461640,Tiffany Orr,Female,Yes,52,Yes,2,Artist
465504,Dawn Johnson,Male,No,42,Yes,2,Entertainment
460902,Mr. Colin Lowe II,Female,No,38,Yes,3,Executive
459657,Jackie Jennings,Female,Yes,84,Yes,2,Lawyer
465054,Nicolas Morris,Male,Yes,67,Yes,3,Executive
464000,Frank Smith,Female,No,32,No,5,Healthcare
460324,Rodney Nunez,Male,No,33,Yes,2,Entertainment
462468,Brian Gutierrez,Female,No,30,Yes,5,Healthcare
465245,Steven Mann,Female,No,18,No,4,Healthcare
467919,Jon Robles,Male,Yes,47,Yes,2,Artist
463716,Oscar Davis,Male,No,29,No,4,Doctor
463769,Joe Price,Male,Yes,63,No,4,Executive
464907,Michael Evans,Male,,55,Yes,2,Engineer
460523,John Banks,Male,No,48,Yes,,Entertainment
462327,Mitchell Rose,Male,Yes,27,Yes,4,Entertainment
463882,Matthew Mahoney,Male,Yes,43,Yes,1,Artist
464446,April Watts,Female,Yes,50,Yes,,Engineer
462282,Kathleen Smith,Female,No,29,No,3,Healthcare
467167,Mary Moore,Male,Yes,73,Yes,,Artist
459625,Teresa Flores,Female,Yes,57,No,1,Engineer
466740,Kimberly Scott,Male,Yes,47,No,1,Engineer
461434,Sarah Stevens,Female,Yes,32,Yes,3,Executive
465404,Christopher Dominguez,Male,Yes,25,Yes,2,Entertainment
462337,David Sanchez,Male,Yes,79,Yes,2,Lawyer
461921,Jason Reyes,Female,No,41,Yes,1,Artist
463763,Joyce Bryant,Male,Yes,36,Yes,2,Artist
467749,Elizabeth Franco,Male,No,19,No,9,Healthcare
464876,Donald Anthony,Female,Yes,49,No,5,Engineer
463850,Chelsea Robinson,Male,Yes,26,No,2,Entertainment
460381,Carol Hernandez,Female,No,28,Yes,2,Artist
460946,Mariah Armstrong,Female,No,84,No,1,Artist
464329,Lance Thomas,Female,Yes,81,No,2,Lawyer
467209,Jesus Schroeder,Female,No,35,Yes,1,Healthcare
461897,Dorothy Williams,Female,Yes,55,Yes,2,Doctor
462920,Christina Hendrix,Female,Yes,50,No,5,Executive
460994,Ryan Bryant,Female,Yes,78,Yes,5,Lawyer
462868,John Harrington,Female,Yes,36,No,4,Entertainment
459964,Noah Eaton,Male,No,47,Yes,1,Marketing
462663,Victor Bennett,Female,Yes,48,No,5,Entertainment
464116,Anthony Harris,Female,Yes,69,Yes,2,Marketing
467119,John Burton,Female,Yes,38,No,4,Marketing
465042,Erin Young,Male,Yes,36,Yes,4,Artist
464762,Joseph Velazquez,Male,Yes,52,No,4,Engineer
460009,Ashley Medina,Male,No,46,Yes,1,Artist
460583,Calvin Lynn,Female,No,18,No,6,Marketing
467827,Dana King,Male,No,22,No,4,Healthcare
463795,Jennifer Smith,Female,No,18,No,6,Doctor
464313,Danielle Rhodes,Male,Yes,30,No,3,Homemaker
463672,Andrea Estrada,Female,No,32,Yes,3,Engineer
459230,Cody Mills,Male,Yes,43,No,4,Artist
462245,Alan Hoffman,Female,Yes,49,Yes,3,Artist
462926,Calvin Moreno,Male,No,40,Yes,2,Homemaker
460743,Jennifer Rodriguez,Male,Yes,55,Yes,3,Artist
464656,Brooke Patel,Female,No,33,No,7,Healthcare
467656,Hannah Smith,Female,No,31,Yes,5,Healthcare
460978,Shannon Gordon,Male,No,35,Yes,6,Healthcare
467684,Patricia Cooley,Male,No,40,Yes,3,Healthcare
467089,Jamie Martinez,Female,Yes,69,No,3,Artist
466091,Ronald Powell,Male,Yes,46,Yes,4,Artist
464582,Barry Foster,Male,Yes,63,Yes,2,Marketing
467004,Mary Johnson,Female,No,50,No,,Artist
458997,Heather Downs,Female,Yes,61,Yes,2,Artist
466025,Brooke Stevens,Male,No,50,No,1,Engineer
464689,Pamela Bowers,Female,No,25,Yes,,Marketing
464507,Latoya Nguyen,Male,Yes,53,Yes,3,Artist
459204,Marie Williams MD,Female,Yes,35,Yes,2,Engineer
467521,Michael Brown,Male,No,19,No,3,Healthcare
462743,Tina Greer,Female,No,26,No,4,Healthcare
459245,Elizabeth Ingram,Male,Yes,38,No,4,Engineer
463884,Curtis Hernandez,Female,No,26,No,1,Artist
463860,Sarah Arellano MD,Male,Yes,39,Yes,3,Healthcare
459184,Jason Clark,Male,Yes,39,Yes,4,Entertainment
459332,Patricia Rogers,Male,Yes,72,Yes,,Homemaker
460201,Curtis Spears,Female,No,45,Yes,1,Artist
464989,Natasha Massey,Female,Yes,47,No,4,Entertainment
467782,Richard Cervantes,Male,No,30,Yes,5,Entertainment
464923,Patricia Norton,Male,Yes,48,No,2,Executive
459364,Richard Goodman,Male,Yes,76,Yes,2,Marketing
462119,Tasha Ellis,Female,Yes,71,Yes,2,Entertainment
465132,Alan Morse,Male,No,41,Yes,1,Artist
466039,Mark Perkins,Male,No,29,No,,Entertainment
463873,Brenda Estrada,Female,Yes,57,Yes,5,Artist
467633,Amy Austin,Female,Yes,49,No,1,Entertainment
462780,Jared Richardson,Male,Yes,21,No,8,Healthcare
462445,John Lewis,Male,No,18,No,3,Healthcare
461052,Anthony Snyder,Male,No,22,No,3,Healthcare
460664,Stephen Solis,Male,No,33,No,1,Homemaker
465992,Joseph Lopez,Female,Yes,53,Yes,3,Entertainment
463990,April Ford,Female,Yes,55,Yes,2,Artist
463128,Melody Douglas,Male,Yes,73,Yes,4,Lawyer
463536,Joseph Griffin PhD,Male,Yes,89,Yes,2,Executive
460775,Marvin Abbott,Female,Yes,59,Yes,2,Artist
464118,Joseph Young,Female,No,38,Yes,2,Entertainment
459264,Paige Rojas,Female,No,42,Yes,2,Artist
464069,Paul Holland,Female,Yes,83,Yes,2,Lawyer
461185,Tiffany Wagner,Female,No,22,No,4,Healthcare
465564,Stacy Marquez,Female,Yes,46,No,4,Artist
466387,Sarah Beard,Male,Yes,37,Yes,2,Entertainment
462887,Mark Smith,Female,Yes,42,No,3,Engineer
465977,Dennis Green,Male,Yes,71,Yes,2,Artist
462775,Jillian Walsh MD,Male,No,18,No,3,Healthcare
460286,Keith Johnston,Female,No,41,Yes,1,Artist
466294,Courtney Lopez,Female,Yes,27,Yes,5,Healthcare
466037,Rachel Young,Female,No,53,No,1,Entertainment
466335,Carl Randall,Male,No,28,No,3,Healthcare
465750,James Vaughn,Female,Yes,35,Yes,2,
461933,Rebecca Reyes,Male,No,18,No,2,Doctor
466681,Chad Cross,Male,No,19,No,4,Healthcare
466605,Jessica Copeland,Male,No,32,No,4,Healthcare
461332,Angela Leblanc,Male,No,30,No,4,Healthcare
461610,Kathy Jones,Male,No,36,Yes,1,Doctor
467707,Jessica Hayes,Male,Yes,82,Yes,2,Lawyer
460558,Heather Foster,Female,Yes,37,Yes,1,Engineer
465158,Paul Lucero,Female,No,45,Yes,1,Artist
460353,Latoya Schultz,Male,No,31,Yes,1,
459903,Anthony Reed,Male,Yes,27,Yes,4,Entertainment
464021,Carol Gilmore,Male,No,18,No,5,Healthcare
463325,Brandi Garcia,Male,Yes,22,No,4,Doctor
459660,Joseph Wilson,Male,No,22,No,6,Healthcare
466423,Danny Morris DDS,Male,No,42,No,1,Homemaker
465585,Frank Martin,Female,Yes,69,No,1,Doctor
462671,Calvin Dickson,Male,Yes,43,Yes,2,Homemaker
459603,Brenda Brown,Male,Yes,89,No,2,Lawyer
463614,Nicholas Callahan,Female,No,26,No,4,Healthcare
465152,Robin Woods,Female,No,43,Yes,3,Artist
460525,Christian Ross,Female,Yes,30,Yes,2,Entertainment
466108,Jeanette White,Male,Yes,60,Yes,2,Executive
465400,Diane Donovan MD,Female,Yes,38,Yes,4,Doctor
465405,Michael Lewis,Male,,29,Yes,4,Homemaker
465681,Andrew Young,Male,Yes,45,Yes,2,Entertainment
466251,Katherine Oconnor,Male,No,20,No,4,Healthcare
460417,Cynthia Shaffer,Female,Yes,51,Yes,1,Marketing
460569,Christopher Cook,Male,Yes,36,Yes,4,Entertainment
461162,Tiffany Coleman,Female,No,41,No,3,Marketing
459241,Mathew Thomas,Female,Yes,46,No,5,Entertainment
463628,Jimmy Giles,Female,No,30,Yes,1,Artist
467817,John Briggs,Female,No,23,No,5,Homemaker
460406,Jennifer Olson,Male,Yes,39,Yes,2,Healthcare
464122,Jeffrey Johnson,Male,Yes,63,Yes,4,Artist
459658,Andrew Palmer,Male,Yes,60,Yes,3,Artist
462757,Bradley Moore,Female,No,20,No,3,Healthcare
459529,Claudia Salas,Female,Yes,89,No,2,Lawyer
464916,Richard Guzman,Male,,31,,2,Doctor
465920,Margaret Butler,Male,No,43,Yes,4,Executive
463262,Christopher Stanton,Male,Yes,70,No,2,Lawyer
465631,Dawn Black,Female,No,35,Yes,1,Artist
467164,Jose Hendrix,Female,Yes,42,Yes,2,Artist
467859,Andrew Simpson,Female,Yes,39,Yes,2,Doctor
461703,Kyle Ponce,Female,Yes,29,Yes,2,Healthcare
460667,Tanya Marshall,Female,No,38,No,,Homemaker
466097,Kelsey Kirby,Male,Yes,74,No,1,Lawyer
464390,Theresa Buchanan DDS,Male,Yes,41,Yes,2,Artist
465423,Joshua Harris,Male,Yes,51,Yes,4,Entertainment
461337,Zachary Tran,Female,Yes,50,Yes,3,Executive
463888,Austin Smith,Female,No,23,No,3,Marketing
460390,Stephanie Hunt,Female,No,36,Yes,3,Artist
465286,Brooke Mercado,Female,No,36,Yes,1,Artist
460294,Jeffrey Middleton,Male,Yes,50,Yes,2,Doctor
460509,Michael Gibson,Male,No,23,No,4,Healthcare
461248,Morgan Banks,Female,No,37,No,1,Healthcare
464336,Kyle Simpson,Female,Yes,65,Yes,4,Executive
467595,Jonathan Morgan,Male,No,26,Yes,1,Healthcare
466406,Benjamin Jenkins,Male,Yes,55,Yes,3,Entertainment
465092,Zoe Maxwell,Female,Yes,65,Yes,2,Executive
459492,Bonnie Wilson,Female,Yes,72,Yes,2,Lawyer
461426,Elizabeth Petty,Male,Yes,51,Yes,2,Artist
467022,Amber Gomez,Female,No,25,Yes,5,Artist
467330,Timothy Patton,Female,Yes,38,No,3,Executive
459691,Tyler Johnson,Female,Yes,55,No,2,Artist
466161,Patrick Dean,Male,Yes,46,No,,Artist
461320,Chad Cain,Male,No,39,Yes,3,Artist
466283,Austin Green,Male,Yes,62,Yes,2,Artist
463705,Brittany Shaffer,Female,Yes,37,Yes,2,Artist
465821,Brandon Harris,Female,No,28,No,7,Engineer
467457,Ashley Hamilton,Male,No,32,Yes,6,Marketing
466543,Charles Anderson,Male,No,31,Yes,2,Doctor
463772,Angie Delacruz,Female,No,31,No,3,Healthcare
465881,Zachary Estrada,Female,No,43,Yes,,Artist
459757,James Crawford,Female,Yes,67,Yes,2,Artist
464452,Anthony Gallegos,Female,No,72,Yes,1,Lawyer
463839,Pamela Pacheco,Male,Yes,57,No,3,Engineer
462777,Denise Perez,Male,,58,No,3,Executive
464368,Alexandra Miller,Female,Yes,36,Yes,2,Entertainment
466923,Gregory Simpson,Male,No,21,No,1,Homemaker
459878,William Hobbs,Female,Yes,47,No,5,Entertainment
467279,Amanda Horne,Female,No,25,Yes,3,Entertainment
465604,Danielle Munoz,Male,Yes,41,No,2,Engineer
460787,Kristine Richard,Male,No,29,Yes,4,Healthcare
466240,Kathryn Calderon,Male,No,21,No,3,Healthcare
466621,Cheyenne Mcneil,Male,Yes,66,Yes,1,Lawyer
464619,Lisa Goodman,Male,Yes,27,Yes,2,Entertainment
462722,Brenda Cook,Male,No,27,No,4,Homemaker
467404,Glenn Wiggins,Male,Yes,52,Yes,1,Artist
461314,Angela Edwards,Female,Yes,46,Yes,3,Artist
463340,Heather Norton,Female,No,23,No,4,Healthcare
467870,Zachary Black,Female,No,27,Yes,5,Entertainment
462200,Shannon Brown,Male,Yes,52,Yes,3,Doctor
465591,Paul Roberts,Male,Yes,65,No,2,Artist
461002,Andrew Coleman,Male,No,42,No,3,Entertainment
460812,Steven Randolph MD,Female,Yes,59,No,2,Entertainment
467105,Emma Rodriguez,Male,Yes,45,Yes,1,Lawyer
460630,David Byrd,Male,Yes,18,No,,Executive
462037,Cristian Kennedy,Male,Yes,61,No,3,Engineer
461726,Lauren Mclaughlin,Male,Yes,53,Yes,4,Artist
463577,Lindsay Henderson,Female,Yes,37,Yes,2,Doctor
463038,Kara Horton,Female,Yes,63,Yes,5,Executive
464753,Tracey Coleman,Male,No,33,No,5,Marketing
464928,Michael Mclaughlin,Female,Yes,50,Yes,3,Artist
467312,William Adkins,Male,Yes,62,Yes,2,Artist
464887,Malik Downs,Male,Yes,49,Yes,8,Artist
460555,Ann Newman,Female,Yes,46,Yes,3,Homemaker
466661,Timothy Flores,Male,No,27,,,Doctor
461329,Robert Hernandez,Female,Yes,53,Yes,4,Executive
459648,Tommy Gordon,Female,Yes,42,Yes,2,Artist
460835,Mary Lambert,Female,Yes,28,Yes,1,Artist
463827,Stephanie Martinez,Male,Yes,49,Yes,4,Engineer
460868,Mary Ware,Female,Yes,35,Yes,2,Artist
462566,Evelyn Chang,Female,Yes,27,No,,Doctor
467485,Raymond Kerr,Female,Yes,58,Yes,2,Lawyer
467351,Brandon Willis,Male,Yes,41,No,2,Artist
465864,Ian Rhodes,Male,Yes,32,Yes,2,Entertainment
467232,Michael Howard,Female,No,33,No,2,Entertainment
466855,Terry Tanner,Male,Yes,69,No,5,Entertainment
467238,Brian Mccarthy,Male,No,31,No,4,Doctor
467537,Cindy Martin,Female,Yes,68,No,3,Lawyer
463654,Angela Martinez,Female,No,39,No,3,Engineer
459047,Angela Turner,Female,No,21,No,5,Healthcare
462994,Christy Roberts,Female,Yes,39,No,3,Artist
464363,Gabriella Adams,Female,Yes,41,Yes,1,Artist
462565,Patricia Mullins,Female,Yes,49,Yes,4,Artist
463226,Christian Whitehead,Male,Yes,38,Yes,2,Executive
461232,Rebecca Lee,Female,Yes,36,Yes,,Executive
467671,Carol Dillon,Male,Yes,52,Yes,4,Artist
460374,Sarah Lopez,Female,No,46,Yes,2,Artist
463077,Eric Sims,Female,No,28,No,3,Doctor
462719,Wayne Smith,Female,Yes,55,Yes,5,Artist
459729,April Smith,Male,No,41,Yes,1,Healthcare
459084,Dawn Gonzalez,Female,Yes,47,No,2,Executive
467924,Timothy Foster,Male,Yes,52,Yes,3,Artist
465439,Shane Hanna,Male,Yes,45,Yes,4,Artist
462899,Robert Owen,Male,No,32,No,3,Healthcare
466712,Grace Howard,Male,Yes,78,Yes,1,Lawyer
467433,Alicia Phelps,Male,No,45,,1,Artist
462642,Ruth Chen,Male,Yes,39,No,7,Executive
460983,Amber Lyons,Male,Yes,38,No,4,Doctor
464008,Gary Santiago,Female,Yes,50,Yes,4,Artist
461702,David Burgess,Male,Yes,53,Yes,4,Engineer
464312,John Patton,Female,No,43,Yes,1,Artist
462818,Jonathan Underwood,Female,Yes,59,Yes,3,Artist
466045,Maria Richards,Male,No,38,No,2,Entertainment
461889,Taylor Hurley,Male,Yes,42,Yes,2,Artist
467945,Erin Jackson,Male,Yes,65,Yes,2,Artist
464322,Katherine Sawyer,Female,Yes,79,Yes,2,Lawyer
465637,Susan Aguilar,Male,No,41,Yes,1,Artist
462058,Monica Hayes,Male,Yes,42,Yes,2,Entertainment
459368,Deanna Williams,Male,Yes,28,No,7,Executive
462500,Robert Moore,Male,Yes,49,Yes,2,Doctor
466948,Adam Parker,Male,Yes,58,Yes,2,Artist
461606,Brandon Black,Female,Yes,69,Yes,3,Lawyer
466184,Molly Powell,Male,No,35,Yes,1,Artist
466014,Andrea Yoder,Female,Yes,47,No,2,Engineer
462890,Kenneth Woods,Female,No,25,Yes,1,Marketing
464909,Christopher Ferguson,Male,Yes,38,Yes,2,Homemaker
459554,Amy Hayes,Male,No,25,No,3,Engineer
462429,Regina Rogers,Male,Yes,76,No,1,Lawyer
463605,Tommy Bishop,Male,No,23,No,5,Healthcare
459531,Marissa Huber,Female,No,38,Yes,,Marketing
464608,Dennis Hall,Male,Yes,49,Yes,3,Artist
459960,Allen Smith,Male,Yes,56,Yes,1,
459597,Cheryl Bush,Female,Yes,71,Yes,2,Artist
464497,Paul Moore,Male,No,39,No,3,Engineer
467150,Tiffany Villanueva,Male,No,41,Yes,3,Artist
464832,William Cordova,Male,Yes,66,No,,Lawyer
466829,Scott Roberts,Female,Yes,27,No,1,Homemaker
459508,Nichole Smith,Male,No,23,No,3,Healthcare
463506,Christopher Sweeney,Male,Yes,35,Yes,2,Artist
466475,Sandra King,Female,Yes,33,No,2,Artist
462546,Susan Madden,Female,No,21,No,,Executive
467448,James Davis,Female,Yes,49,No,1,Engineer
462852,Amanda Keith,Male,Yes,42,No,3,Engineer
462072,Dale Reyes,Female,No,39,Yes,1,Artist
463211,Tim Bell,Male,Yes,68,Yes,1,Lawyer
464059,Elizabeth Martin,Male,Yes,57,Yes,1,Artist
463746,Dana Perez,Female,No,38,Yes,1,Artist
465671,Collin King,Female,Yes,35,No,5,Engineer
461729,Carrie Martin,Female,Yes,41,Yes,3,Marketing
464849,Robert Gardner,Female,Yes,40,Yes,4,Artist
461100,Paul Ramos,Female,No,32,Yes,3,Healthcare
466434,Kristi Anderson,Male,Yes,53,Yes,4,Artist
467305,James Curry,Male,Yes,38,Yes,3,Homemaker
466270,Christine Mitchell,Male,Yes,68,No,2,Marketing
463479,Jason Carey,Male,No,30,No,2,Executive
467471,Grace Prince,Female,Yes,52,No,5,Entertainment
459159,Lisa Vargas,Female,Yes,80,Yes,1,Lawyer
465980,Kerry Blair,Male,No,31,Yes,7,Healthcare
467713,Michelle Jackson,Female,Yes,38,No,4,Executive
467528,Nicole Robinson,Female,Yes,87,No,2,Executive
461278,Monica Ortiz,Male,No,23,No,4,Healthcare
466964,Jennifer Gonzales,Male,No,45,Yes,1,Artist
460607,Jennifer Cooke,Female,Yes,36,Yes,4,Artist
462825,Craig Gill,Female,Yes,41,No,2,Executive
459899,Daniel Morgan,Male,Yes,48,Yes,4,Artist
460936,Natalie Watson,Male,Yes,70,Yes,5,Executive
458991,Luis Shaw,Male,Yes,84,Yes,2,Lawyer
460028,Stephen Mckee,Female,Yes,39,Yes,2,Healthcare
464281,April Williams,Male,No,39,Yes,1,Artist
463443,Mathew Proctor,Female,Yes,50,Yes,4,Artist
460949,Juan Robinson,Male,Yes,40,Yes,5,Doctor
466602,Mrs. Laurie Daniels,Female,Yes,39,Yes,2,Artist
459044,Rebekah Stewart,Female,Yes,38,Yes,3,Artist
460786,Tiffany Smith,Male,Yes,71,No,2,Lawyer
465968,Morgan Estes,Female,No,35,Yes,1,Artist
460039,Scott Armstrong,Male,Yes,27,Yes,5,Healthcare
462892,Tamara Cooper,Male,Yes,33,No,3,Healthcare
462652,Allen Ford,Male,Yes,37,No,3,Artist
465050,Brendan Thomas,Male,Yes,74,Yes,2,Lawyer
461793,Christine Little,Female,No,20,No,2,Marketing
460781,Kyle Hunter,Female,Yes,30,No,4,Entertainment
463649,Chad Terry,Female,No,22,No,4,Doctor
466969,Whitney Weeks,Male,No,43,Yes,1,Homemaker
462030,Michelle Lucas,Female,No,36,Yes,2,Artist
463735,Miguel Watson,Female,No,29,Yes,2,Healthcare
464134,Sally Jones,Male,No,43,Yes,6,Entertainment
460195,Sarah Duncan,Female,No,38,Yes,1,Entertainment
464089,Kathleen Austin,Female,Yes,40,Yes,5,Artist
466643,Nicholas Smith,Female,Yes,68,Yes,4,Lawyer
461313,Rebecca Lambert,Male,Yes,57,Yes,,Artist
460418,Jason Wolfe,Male,No,35,Yes,2,Entertainment
461303,Jessica Lopez,Female,No,23,No,4,Doctor
467049,Kyle Richmond,Male,No,50,Yes,1,Artist
459674,Jessica Powell,Female,No,32,Yes,5,Doctor
466910,Raymond Carter,Female,Yes,59,Yes,1,Entertainment
466459,Mark Lewis,Male,No,30,Yes,5,Healthcare
463085,Ellen Lewis,Male,No,35,Yes,1,Artist
461533,John Morris,Female,No,48,Yes,2,Healthcare
461187,Christine Berger,Female,No,29,No,4,Healthcare
461432,Samuel Griffith,Male,Yes,40,Yes,2,Artist
463978,Jennifer Robertson,Female,Yes,38,Yes,3,Artist
459383,Robert Wong,Female,Yes,36,No,1,Engineer
464020,Daniel Payne,Female,No,20,No,4,Healthcare
467394,Sierra Knight,Female,No,29,No,3,Healthcare
464539,Paula Santana DDS,Male,Yes,42,No,3,Executive
461529,Jordan Jennings,Female,Yes,35,Yes,1,Entertainment
464943,Beth Lee,Male,Yes,37,No,6,Engineer
466147,Edward White,Male,Yes,52,No,4,Artist
466263,Michael Walsh,Male,No,53,Yes,2,Artist
461812,Cynthia Lowery,Male,Yes,30,No,6,Artist
466848,Anthony Davis,Female,Yes,65,Yes,2,Artist
467933,Daniel Holland,Female,No,23,No,3,Healthcare
463957,Tracy Anderson,Male,No,32,No,3,Entertainment
462175,Sandra Morgan,Male,No,36,Yes,1,Homemaker
465818,Daniel Harris,Female,No,27,No,3,Entertainment
467190,Courtney Anderson,Female,Yes,36,Yes,2,Executive
467848,Lisa Thomas,Female,No,37,Yes,1,Artist
462249,Angela Stewart,Female,No,29,No,3,Entertainment
459311,Jamie Ramirez,Female,No,29,Yes,5,Executive
462610,David Weeks,Male,No,27,Yes,6,Doctor
467309,Jessica Garcia,Male,No,35,Yes,1,Engineer
467365,Christine Bishop,Female,No,40,Yes,1,Artist
461913,Lauren Warner,Female,No,37,Yes,4,Entertainment
462617,Mrs. Rebecca Berger,Female,No,19,No,5,Healthcare
465485,Caleb Wood,Male,No,29,Yes,4,Healthcare
461316,Angela Walton,Male,Yes,53,Yes,2,Artist
460501,Nathan King,Male,No,25,Yes,,Healthcare
460556,Jennifer Kaufman,Male,Yes,38,Yes,1,
463036,Joseph Brady,Female,Yes,48,Yes,6,Artist
461079,Becky Morgan,Female,No,26,No,1,Engineer
465120,Alan Moore,Female,No,30,Yes,4,Healthcare
464671,Cory Brown,Male,No,30,No,2,Entertainment
465367,Kimberly Smith,Female,Yes,69,No,3,Executive
467088,Christopher Bass,Male,Yes,57,Yes,1,Artist
463887,Stephanie Oliver,Male,Yes,56,Yes,2,Artist
460250,Jackie Sanchez,Female,No,27,Yes,4,Healthcare
465316,Cindy Riley,Female,No,21,No,6,Healthcare
464713,Kenneth Gonzalez,Male,Yes,71,Yes,4,Artist
465764,Elizabeth Johnson,Female,No,39,Yes,4,Entertainment
467080,Kara Williams,Female,Yes,87,Yes,2,Lawyer
460683,John Brown,Female,Yes,59,No,3,Entertainment
460042,Heather Anderson,Male,No,32,Yes,1,Marketing
463025,James Montgomery,Female,Yes,40,No,4,Executive
459731,Maria Nielsen,Female,Yes,58,Yes,3,Artist
460955,Ana Moss,Male,No,19,No,5,Healthcare
462179,Michelle Mckenzie,Female,No,31,Yes,9,Marketing
463147,Kathleen Vasquez,Female,No,31,No,4,Healthcare
462639,Amber West,Male,Yes,43,No,2,Engineer
465722,Joseph Kane,Male,Yes,47,No,5,
464799,Erik Holmes,Female,No,35,No,4,Marketing
461934,Ashley Little,Female,Yes,46,Yes,2,Artist
459146,Heather Sanders,Female,Yes,69,Yes,2,Artist
461448,Robert Gibson,Male,Yes,69,Yes,3,Doctor
466419,Derek Calderon,Female,Yes,45,Yes,5,Entertainment
465443,Andrew Maldonado,Male,Yes,38,Yes,4,Artist
459105,Samuel French,Female,Yes,39,Yes,3,Executive
459941,Jonathan Davis,Female,Yes,65,Yes,,Artist
463232,Alexander Davis,Female,No,23,No,5,Healthcare
464737,Jamie Smith,Female,Yes,58,No,6,Engineer
467922,Kathryn Miller,Female,Yes,84,Yes,2,Entertainment
465329,Michael Clayton,Female,Yes,35,Yes,2,Artist
466512,Justin Carlson,Female,No,22,No,2,Healthcare
465408,David Jones,Male,No,30,No,4,Executive
466339,Ryan Henry,Female,No,23,No,2,Healthcare
462870,Kayla Evans,Male,No,41,Yes,3,Artist
464335,Theresa Rogers,Male,Yes,50,Yes,3,Executive
461353,Michael Gonzalez MD,Female,Yes,50,Yes,4,Executive
463920,Evan Briggs,Female,No,28,Yes,1,Homemaker
463712,Kayla Medina,Female,Yes,37,Yes,2,Doctor
467465,Sharon Cook,Male,No,19,No,6,Healthcare
463637,Aaron Galvan Jr.,Female,No,30,Yes,5,Healthcare
466917,Tina Barnett,Female,Yes,43,No,,Executive
464663,Alan Gonzalez,Female,Yes,73,No,2,Executive
460919,William Richardson,Male,No,19,No,,Healthcare
465000,Ashley Carr,Male,Yes,50,Yes,3,Executive
461226,Sheryl Bailey,Male,Yes,51,Yes,2,
467500,Michael Hudson,Female,Yes,32,Yes,2,Artist
461536,Carlos Hoffman,Female,No,39,Yes,1,Doctor
464296,Troy Moore,Female,No,43,Yes,4,Doctor
463142,Jill Murphy,Female,No,33,Yes,2,Artist
461004,Matthew Hall,Female,Yes,61,Yes,3,Artist
462323,Desiree Kane,Female,Yes,70,Yes,2,Doctor
467899,William Mahoney,Female,Yes,66,Yes,2,Artist
461941,Caitlyn Brady,Male,Yes,72,Yes,1,Artist
461383,Craig Jackson,Female,Yes,71,Yes,2,Artist
466616,Richard Payne,Female,No,18,No,9,Healthcare
464658,Cody Lucero,Female,Yes,33,No,2,Artist
460699,Danielle Smith,Male,No,28,Yes,1,Artist
460180,Christopher Thompson,Female,Yes,27,Yes,2,Marketing
462683,Ruth Wagner,Male,Yes,38,No,5,Engineer
464988,Tammy Huff,Female,Yes,63,Yes,7,Artist
466593,Billy Atkins,Male,Yes,70,Yes,3,Lawyer
464542,Ricardo Chung,Female,No,26,Yes,1,Healthcare
465678,William Lucero,Male,Yes,36,No,2,Entertainment
467862,Mary Garrett,Male,Yes,47,Yes,3,Artist
459394,Jordan Flores,Female,No,28,No,2,Entertainment
460091,Emily Williams,Male,No,26,Yes,5,Entertainment
461023,Jennifer Chapman,Male,Yes,65,No,2,Lawyer
461260,Kevin Williams,Male,No,20,No,3,Marketing
463632,Mr. Mike Crawford,Male,Yes,30,Yes,2,Artist
460047,Kristin Spencer,Female,No,41,Yes,2,Entertainment
460378,Tami Mckinney,Female,No,40,Yes,1,Doctor
464758,Rebecca Branch,Female,Yes,47,No,4,Engineer
460931,Shawn Dodson,Female,Yes,40,Yes,5,Entertainment
463240,Nancy Thompson,Male,Yes,53,No,3,Engineer
461126,Michele Peterson,Female,No,28,Yes,2,Homemaker
459698,David Baker MD,Male,Yes,60,Yes,2,Artist
461598,Steven Vazquez,Female,No,27,Yes,1,Artist
465979,William Davenport,Male,Yes,43,Yes,2,Artist
463974,Michelle Burnett,Female,No,33,Yes,3,Homemaker
466231,Gary Lucas,Female,Yes,56,Yes,2,Entertainment
459833,James Young,Female,Yes,70,Yes,2,Executive
462886,Kimberly Powell,Male,Yes,70,No,2,Doctor
467628,Anthony Taylor,Female,Yes,73,No,3,Executive
467488,Kerry Nguyen,Male,Yes,38,Yes,2,Entertainment
465998,Carl Guerrero,Female,No,40,Yes,3,Engineer
459338,Joyce Gordon,Male,Yes,88,No,,Executive
466942,Victor Li,Male,No,29,Yes,4,Healthcare
467195,Aaron Mitchell,Male,Yes,27,Yes,2,Executive
466310,Maria Mcdowell,Female,Yes,40,Yes,2,Engineer
467617,Matthew Henderson,Female,Yes,82,Yes,1,Lawyer
459975,Eduardo Green,Female,No,38,Yes,1,Artist
464386,Victor Myers,Female,Yes,39,Yes,3,Doctor
462005,Kevin Parsons,Male,Yes,39,Yes,2,Artist
465859,Michael Branch,Female,No,47,Yes,1,Artist
464394,Kyle White PhD,Female,Yes,75,Yes,2,Lawyer
466120,David Rodriguez,Female,Yes,37,No,4,Marketing
460964,Tiffany Sullivan,Female,Yes,84,No,2,Lawyer
461975,Kathryn Davis,Female,No,42,Yes,2,Entertainment
462172,Glenn Parsons,Male,Yes,39,Yes,2,Doctor
464563,Tracy Anthony,Female,Yes,42,Yes,2,Artist
464945,Andrea Lutz,Female,Yes,40,Yes,2,Artist
463688,Darren Martinez,Female,No,52,Yes,1,Doctor
461750,Victor Smith,Female,No,52,No,1,Artist
464400,Nancy Ross,Male,No,31,Yes,4,Entertainment
463052,James Brown,Male,Yes,37,Yes,2,Marketing
461372,Jessica Owens,Male,No,27,Yes,1,Artist
463367,Kathleen Stewart,Female,No,35,Yes,4,Engineer
467926,Frances Taylor,Female,Yes,79,Yes,2,Artist
461483,Carrie Conner,Female,No,28,Yes,4,Doctor
467355,Heather Silva,Female,No,31,No,4,Healthcare
466416,Andrew Booker,Female,Yes,88,No,3,Executive
460330,George Smith,Female,No,51,Yes,1,Entertainment
